date,open,high,low,close,volume,adj close,dprice,kprice,vw_sum,vw_vol,vwap
2011-01-03,325.640003,330.260002,324.840012,329.57,111284600,43.601607,329.57,332.439999,,,
2011-01-04,332.439999,332.5,328.149994,331.290012,77270200,43.829162,331.290012,329.549999,,,
2011-01-05,329.549999,334.339989,329.500011,334.000008,63879900,44.18769,334.000008,334.7199970000001,,,
2011-01-06,334.7199970000001,335.249996,332.900009,333.729988,75107200,44.151967,333.729988,333.989994,,,
2011-01-07,333.989994,336.3499950000001,331.900013,336.120003,77982800,44.468162,336.120003,338.829998,134887902142.9436,405524700.0,332.6256135395541
2011-01-10,338.829998,343.229992,337.169987,342.450001,112140000,45.305611,342.450001,344.87999,136614179633.08362,406380100.0,336.173399320202
2011-01-11,344.87999,344.959991,339.470013,341.639996,111027000,45.198449,341.639996,343.249992,148946597983.73322,440136900.0,338.40970385289944
2011-01-12,343.249992,344.429993,342.000004,344.420006,75647600,45.56624,344.420006,345.159996,153665257718.5796,451904600.0,340.03915365893505
2011-01-13,345.159996,346.640003,343.850006,345.680008,74195100,45.732936,345.680008,345.8899990000001,154247495525.4268,450992500.0,342.0178728591424
2011-01-14,345.8899990000001,348.479992,344.440006,348.479992,77210000,46.10337,348.479992,329.520012,154942056737.7984,450219700.0,344.1476611036754
2011-01-18,329.520012,344.759987,326.000011,340.650013,470249500,45.067475,340.650013,348.350002,276730211913.90186,808329200.0,342.34840447914274
2011-01-19,348.350002,348.5999950000001,336.879993,338.840012,283903200,44.828015,338.840012,336.429996,334996711772.84827,981205400.0,341.41344082783104
2011-01-20,336.429996,338.299999,330.119999,332.680004,191197300,44.013055,332.680004,333.769989,372549683455.75183,1096755100.0,339.6835660538545
2011-01-21,333.769989,334.880001,326.630013,326.720001,188600300,43.224556,326.720001,326.869991,408521410898.7913,1211160300.0,337.2975574734338
2011-01-24,326.869991,337.449993,326.720001,337.449993,143670800,44.644118,337.449993,336.329994,430096981170.7757,1277621100.0,336.6389152235946
2011-01-25,336.329994,341.439991,334.570007,341.39999,136717000,45.166696,341.39999,342.9599990000001,316581665315.3622,944088600.0,335.33046084378327
2011-01-26,342.9599990000001,345.600006,341.499992,343.850006,126718900,45.49083,343.850006,343.779991,263956196145.83722,786904300.0,335.4362101539377
2011-01-27,343.779991,344.689999,342.830009,343.209991,71256500,45.406157,343.209991,344.169987,224804620340.73956,666963500.0,337.0568559459994
2011-01-28,344.169987,344.400005,333.53001,336.100002,148014300,44.465516,336.100002,335.799995,212932736662.16785,626377500.0,339.9431439701583
2011-01-31,335.799995,340.040012,334.299988,339.319996,94311700,44.891516,339.319996,341.299988,196452871874.61664,577018400.0,340.4620578383924
2011-02-01,341.299988,345.649994,340.980007,345.030006,106658300,45.646942,345.030006,344.449993,186578003330.73645,546959700.0,341.11837367677447
2011-02-02,344.449993,345.250011,343.549999,344.320004,64738800,45.553009,344.320004,343.799992,165296572680.37823,484979600.0,340.83201165652787
2011-02-03,343.799992,344.240002,338.549992,343.4400100000001,98449400,45.436588,343.4400100000001,343.639988,174652092877.18076,512172500.0,341.0024803697597
2011-02-04,343.639988,346.700005,343.509998,346.5,80460100,45.84142,346.5,347.889992,152783911001.15216,444618300.0,343.62938052966365
2011-02-07,347.889992,353.250008,347.6399990000001,351.87999,121255400,46.553184,351.87999,353.680004,163449414273.84494,471562000.0,346.6127768434372
2011-02-08,353.680004,355.519993,352.150009,355.200012,95260200,46.992418,355.200012,355.189999,160485524568.01755,460163900.0,348.75731140147576
2011-02-09,355.189999,358.999992,354.869991,358.16,120686300,47.38402,358.16,357.389996,181419665901.06235,516111400.0,351.5126112328895
2011-02-10,357.389996,359.999989,348.000008,354.539997,232137500,46.905099,354.539997,354.749989,229910231534.15582,649799500.0,353.81718750807875
2011-02-11,354.749989,357.799992,353.540001,356.85001,91893200,47.21071,356.85001,356.790009,234822896223.08783,661232600.0,355.1290366250663
2011-02-14,356.790009,359.4800029999999,356.710007,359.179996,77604100,47.518964,359.179996,359.1900100000001,220029387611.22546,617581300.0,356.27598764927865
2011-02-15,359.1900100000001,359.970001,357.549999,359.900013,71043700,47.614221,359.900013,360.800007,211761591981.67117,593364800.0,356.8826327103852
2011-02-16,360.800007,364.899994,360.5,363.129993,120289400,48.041542,363.129993,357.249992,212217275753.6454,592967900.0,357.88998991959835
2011-02-17,357.249992,360.270008,356.519989,358.300003,132645800,47.402542,358.300003,358.7099990000001,177442237737.9953,493476200.0,359.57608034185904
2011-02-18,358.7099990000001,359.500004,349.519989,350.560013,204014300,46.378553,350.560013,342.149994,216169404059.2492,605597300.0,356.9523907376225
2011-02-22,342.149994,345.4000020000001,337.720013,338.6099930000001,218138900,44.797584,338.6099930000001,338.7699970000001,262159575133.6933,746132100.0,351.3581242968816
2011-02-23,338.7699970000001,344.640011,338.6099930000001,342.619991,167963600,45.3281,342.619991,344.0199970000001,294138633700.45276,843052000.0,348.89737964022714
2011-02-24,344.0199970000001,345.150009,338.3699870000001,342.879997,124975200,45.362499,342.879997,345.259998,293309440921.553,847737800.0,345.99075436007803
2011-02-25,345.259998,348.430004,344.799988,348.160011,95004700,46.061037,348.160011,351.240002,278859287780.6673,810096700.0,344.22963058690067
2011-02-28,351.240002,355.049995,351.119999,353.210007,100768500,46.729143,353.210007,355.470005,242932474710.8609,706850900.0,343.68276918210177
2011-03-01,355.470005,355.7199970000001,347.68,349.309998,114034200,46.213178000000006,349.309998,349.9599990000001,208901749482.76477,602746200.0,346.583270840637
2011-03-02,349.9599990000001,354.350006,348.39999,352.119995,150647700,46.584936,352.119995,357.189991,204400129733.19867,585430300.0,349.1451155384316
2011-03-03,357.189991,359.789997,355.920002,359.560005,125197100,47.569238,359.560005,360.070004,206564503434.10977,585652200.0,352.7084905240854
2011-03-04,360.070004,360.290009,357.750004,359.999989,113316700,47.627448,359.999989,361.399994,214281676790.57437,603964200.0,354.79201712713166
2011-03-07,361.399994,361.669987,351.30999,355.3599890000001,136530800,47.013583,355.3599890000001,354.909992,227206817786.35608,639726500.0,355.16242923555
2011-03-08,354.909992,357.400009,352.250011,355.759998,89079200,47.066503,355.759998,354.6899870000001,219064347626.26608,614771500.0,356.33458549439274
2011-03-09,354.6899870000001,354.760002,350.599987,352.46999,113326500,46.63124000000001,352.46999,349.120007,205962470577.2396,577450300.0,356.675666420538
2011-03-10,349.120007,349.770008,344.89999,346.6699910000001,126884800,45.863909,346.6699910000001,345.330013,204933753149.2909,579138000.0,353.85996627624314
2011-03-11,345.330013,352.32,344.999992,351.990005,117770100,46.567739,351.990005,353.179993,205593640483.6251,583591400.0,352.29038756161435
2011-03-14,353.179993,356.479988,351.30999,353.560001,108989300,46.775447,353.560001,342.100006,195610313914.45316,556049900.0,351.7855392374914
2011-03-15,342.100006,347.840004,340.099987,345.4299890000001,180270300,45.699859,345.4299890000001,342.000004,226190265646.63824,647241000.0,349.46838294644226
2011-03-16,342.000004,343.0,326.259991,330.01001,290502800,43.659819,330.01001,336.830006,282114907257.9313,824417300.0,342.1991596463724
2011-03-17,336.830006,339.6099890000001,330.660011,334.639996,164855600,44.272359,334.639996,337.130013,293295032108.47205,862388100.0,340.096334943017
2011-03-18,337.130013,338.199997,329.999996,330.669998,188303500,43.747135,330.669998,335.990013,314107451989.0145,932921500.0,336.69226402115777
2011-03-21,335.990013,339.740005,335.26001,339.299995,102350500,44.88887,339.299995,342.55999,310300719110.2727,926282700.0,334.99569743694093
2011-03-22,342.55999,342.619991,339.139992,341.200012,81480700,45.140239,341.200012,339.2799950000001,275831167182.0144,827493100.0,333.33349508535406
2011-03-23,339.2799950000001,340.21999,335.950012,339.190006,93249100,44.874319,339.190006,341.849987,211591498037.48102,630239400.0,335.7319425562429
2011-03-24,341.849987,345.999989,338.860012,344.970005,101178000,45.639004,344.970005,348.069996,191327595878.79343,566561800.0,337.69942816263546
2011-03-25,348.069996,352.059994,347.020012,351.540009,112227500,46.508205,351.540009,353.150005,168513734270.44794,490485800.0,343.56496002625954
2011-03-28,353.150005,354.319992,350.4400100000001,350.4400100000001,77338800,46.36267700000001,350.4400100000001,347.66,160888819977.58844,465474100.0,345.64505302784505
2011-03-29,347.66,350.959995,346.05999,350.959995,88225200,46.43147,350.959995,350.639988,164051119910.69403,472218600.0,347.4050363765723
2011-03-30,350.639988,350.879993,347.439995,348.630009,82351500,46.123217,348.630009,346.359997,161132161308.36295,461321000.0,349.2842539324309
2011-03-31,346.359997,349.799995,346.05999,348.5100060000001,68504800,46.10734,348.5100060000001,351.110012,150103394401.50177,428647800.0,350.17885173212545
2011-04-01,351.110012,351.589996,343.300007,344.560009,104665400,45.584762,344.560009,344.30999,146714449207.44287,421085700.0,348.41945287489665
2011-04-04,344.30999,344.60001,338.4000020000001,341.189999,115021200,45.138915,341.189999,336.990009,158855922475.03366,458768100.0,346.26627804992034
2011-04-05,336.990009,342.249996,336.0,338.8899990000001,120682800,44.834628,338.8899990000001,341.220013,168790600695.4769,491225700.0,343.6110950536116
2011-04-06,341.220013,343.899994,337.1399990000001,338.0399930000001,100634800,44.722174,338.0399930000001,338.0999950000001,174098983596.8698,509509000.0,341.6995256155825
2011-04-07,338.0999950000001,340.430008,336.029987,338.079994,93361800,44.727466,338.079994,339.92001,181788132121.6702,534366000.0,340.19404700461894
2011-04-08,339.92001,340.1500020000001,333.949993,335.060005,94383800,44.327926,335.060005,334.060009,177348857455.60062,524084400.0,338.39751279679496
2011-04-11,334.060009,335.670006,330.0199970000001,330.799988,99736700,43.764332,330.799988,330.489994,171097673505.78143,508799900.0,336.2769401208244
2011-04-12,330.489994,333.729988,330.200001,332.399998,106409800,43.976011,332.399998,335.0200040000001,165570096841.6446,494526900.0,334.80503657464254
2011-04-13,335.0200040000001,336.140003,332.52,336.12999,86555000,44.469483,336.12999,334.799999,160645241038.5382,480447100.0,334.36613737191504
2011-04-14,334.799999,336.0,332.05999,332.419998,75450200,43.978657,332.419998,333.299992,154162639587.80862,462535500.0,333.29904318221764
2011-04-15,333.299992,333.6399990000001,326.800003,327.459991,113401400,43.322456,327.459991,326.099987,159672824511.277,481553100.0,331.5788529058935
2011-04-18,326.099987,332.230007,320.160011,331.849998,152474700,43.903247,331.849998,333.099987,177278654238.168,534291100.0,331.8016231941127
2011-04-19,333.099987,337.979992,331.709995,337.8599890000001,104844600,44.698359,337.8599890000001,343.509998,177330832333.69702,532725900.0,332.87443380112927
2011-04-20,343.509998,345.749996,341.499992,342.41,175166600,45.300319,342.41,355.000008,208215896555.247,621337500.0,335.10917424949724
2011-04-21,355.000008,355.129997,348.519993,350.699989,188452600,46.397072,350.699989,350.340008,249225065969.1688,734339900.0,339.38652382795595
2011-04-25,350.340008,353.749992,350.300007,353.010002,66636500,46.702683,353.010002,353.620003,235613995544.0544,687575000.0,342.67388364040926
2011-04-26,353.620003,354.989994,349.349998,350.42001,84700000,46.360031,350.42001,352.239998,214695841501.0038,619800300.0,346.3951880968819
2011-04-27,352.239998,352.349987,347.099987,350.14999,89053300,46.324308,350.14999,346.190006,210455058202.7614,604009000.0,348.4303349830241
2011-04-28,346.190006,349.750008,345.5200040000001,346.749992,90239800,45.874493,346.749992,346.780006,181766912624.84302,519082200.0,350.1698047531644
2011-04-29,346.780006,353.949997,346.6699910000001,350.12999,251586300,46.321662,350.12999,349.739994,203764496580.95865,582215900.0,349.98098915017374
2011-05-02,349.739994,350.4699970000001,345.500004,346.2799950000001,110678400,45.812313,346.2799950000001,347.989994,218566861381.29364,626257800.0,349.00461340568313
2011-05-03,347.989994,349.890011,345.620007,348.200012,78337000,46.066329,348.200012,348.259987,216163230874.33765,619894800.0,348.7095405129026
2011-05-04,348.259987,351.830002,346.880009,349.570004,97312600,46.247576,349.570004,348.39999,218998784741.12103,628154100.0,348.63862982207877
2011-05-05,348.39999,350.950008,346.050003,346.749992,83992300,45.874493,346.749992,349.690006,216832464166.10104,621906600.0,348.65760255012736
2011-05-06,349.690006,350.0,346.210007,346.660004,70033600,45.862588,346.660004,347.860004,153022403519.09845,440353900.0,347.49869030136546
2011-05-09,347.860004,349.200008,346.529987,347.599998,51186800,45.986948,347.599998,348.889988,132489219298.11685,380862300.0,347.86645802988863
2011-05-10,348.889988,349.690006,346.660004,349.450001,70522900,46.2317,349.450001,349.0200040000001,129856502433.59573,373048200.0,348.09577538129315
2011-05-11,349.0200040000001,350.0,345.239998,347.2300029999999,84000000,45.937998,347.2300029999999,346.119991,125006256714.34534,359735600.0,347.49481762256875
2011-05-12,346.119991,347.1199870000001,342.2699970000001,346.569988,80500000,45.850679,346.569988,345.660007,123780811395.28374,356243300.0,347.46144389321495
2011-05-13,345.660007,346.250008,340.350006,340.499996,81529000,45.047628,340.499996,339.199993,127263587513.03333,367738700.0,346.07069506971476
2011-05-16,339.199993,341.220013,332.600002,333.299992,112443800,44.095079,333.299992,331.999989,146948573575.8565,428995700.0,342.5409009364348
2011-05-17,331.999989,336.140003,330.73,336.140003,113083600,44.470808,336.140003,336.4699970000001,160316267743.5844,471556400.0,339.9726262724552
2011-05-18,336.4699970000001,341.049995,336.0,339.869995,83694100,44.96428,339.869995,342.080006,159594060840.11392,471250500.0,338.6607777394696
2011-05-19,342.080006,342.41,338.669994,340.53001,65292500,45.051599,340.53001,339.560001,153929232484.0389,456043000.0,337.5322776230288
2011-05-20,339.560001,340.949993,335.0200040000001,335.220009,84492100,44.349094,335.220009,329.970009,154492050832.5838,459006100.0,336.579515680911
2011-05-23,329.970009,335.98,329.42001,334.39999,95900000,44.240607,334.39999,335.499989,149083492233.13422,442462300.0,336.9405534282451
2011-05-24,335.499989,335.899998,331.34,332.190006,80481800,43.948229,332.190006,333.430008,137806820214.77423,409860500.0,336.22859537519287
2011-05-25,333.430008,338.560005,332.8499950000001,336.779991,73556000,44.555477,336.779991,335.970013,134133895884.24072,399722400.0,335.56762364140894
2011-05-26,335.970013,336.890007,334.430004,335.000004,55640200,44.319988,335.000004,334.799999,130539307428.87651,390070100.0,334.6560206200796
2011-05-27,334.799999,337.629997,334.310001,337.409992,50899800,44.638826,337.409992,341.10001,119389966017.2492,356477800.0,334.91557122841647
2011-05-31,341.10001,347.82999,341.000008,347.82999,104438600,46.017375,347.82999,348.8699870000001,123647884169.86322,365016400.0,338.74610611978864
2011-06-01,348.8699870000001,352.130009,344.649998,345.509991,138670700,45.710443,345.509991,346.5,144824746853.9361,423205300.0,342.20919930335486
2011-06-02,346.5,347.980007,344.300003,346.099991,84695800,45.788499,346.099991,343.180004,149365773453.6779,434345100.0,343.88732243941024
2011-06-03,343.180004,345.330013,342.009991,343.4400100000001,78312500,45.436588,343.4400100000001,345.700008,157621952014.2421,457017400.0,344.89267151369313
2011-06-06,345.700008,347.049999,337.810001,338.0399930000001,115485300,44.722174,338.0399930000001,338.17001,179486500907.0434,521602900.0,344.10564225590656
2011-06-07,338.17001,338.2199970000001,331.900013,332.039989,132446300,43.928382,332.039989,331.78001,187137091708.52008,549610600.0,340.4903248018144
2011-06-08,331.78001,334.799999,330.649998,332.239994,83430900,43.954843,332.239994,333.250004,166944061114.971,494370800.0,337.68997099944215
2011-06-09,333.250004,333.669987,330.75,331.48999,68772200,43.855618,331.48999,330.549995,160428141387.51123,478447200.0,335.310022480038
2011-06-10,330.549995,331.660007,325.509987,325.900009,108488800,43.116072,325.900009,327.200012,168888996500.78543,508623500.0,332.0511075496618
2011-06-13,327.200012,328.309998,325.070004,326.599998,82368300,43.20868,326.599998,329.999996,156751833112.44592,475506500.0,329.652345682858
2011-06-14,329.999996,333.250004,329.309994,332.439999,83642300,43.981303,332.439999,329.750004,140580411245.71292,426702500.0,329.4576695606726
2011-06-15,329.750004,330.300003,324.880013,326.749989,99799000,43.228523,326.749989,326.900005,145470651682.5093,443070600.0,328.3238645997033
2011-06-16,326.900005,328.679993,318.330009,325.159992,127647800,43.018169,325.159992,328.990013,164179313419.0489,501946200.0,327.0854793183988
2011-06-17,328.990013,329.249992,319.3599930000001,320.259987,153755000,42.369906,320.259987,317.3600009999999,178064386823.8347,547212400.0,325.4026897486875
2011-06-20,317.3600009999999,317.700008,310.500004,315.320007,160161400,41.716354,315.320007,316.6800120000001,201664993977.70108,625005500.0,322.6611509461934
2011-06-21,316.6800120000001,325.800007,315.200005,325.299995,123345600,43.036692,325.299995,325.159992,213983270912.6154,664708800.0,321.920321970486
2011-06-22,325.159992,328.899998,322.380009,322.6100009999999,97645800,42.680809,322.6100009999999,318.9400100000001,212875460396.05017,662555600.0,321.2944851663018
2011-06-23,318.9400100000001,331.689995,318.119991,331.230011,139939800,43.821224,331.230011,331.3699870000001,217721764262.57037,674847600.0,322.6236031106436
2011-06-24,331.3699870000001,333.1500020000001,325.090004,326.350006,109951800,43.175606,326.350006,327.590008,204362960551.0962,631044400.0,323.84878235366034
2011-06-27,327.590008,333.900005,327.25,332.039989,84953400,43.928382,332.039989,333.650013,182068792783.479,555836400.0,327.5582397688942
2011-06-28,333.650013,336.699989,333.439995,335.26001,73574900,44.354386,335.26001,336.040001,166611191429.956,506065700.0,329.2283816705143
2011-06-29,336.040001,336.369995,331.880013,334.040009,88136300,44.192982,334.040009,334.699997,164550730239.5369,496556200.0,331.3839002303
2011-06-30,334.699997,336.12999,332.840008,335.670006,80738700,44.408628,335.670006,335.950012,145300028659.6313,437355100.0,332.2243839379746
2011-07-01,335.950012,343.500011,334.200012,343.2600060000001,108828300,45.412773,343.2600060000001,343.0,146773660980.89032,436231600.0,336.45811303190857
2011-07-05,343.0,349.830009,342.499989,349.43,88763500,46.229054,349.43,348.949989,149582364784.37772,440041700.0,339.9277040889028
2011-07-06,348.949989,354.099987,346.709991,351.759987,111156500,46.537308,351.759987,354.669987,164016052069.5942,477623300.0,343.4004414558381
2011-07-07,354.669987,357.999996,354.000011,357.200005,99915900,47.257014,357.200005,353.339996,170264961603.94702,489402900.0,347.90345869210626
2011-07-08,353.339996,359.999989,352.199997,359.709995,122408300,47.589082,359.709995,356.340012,187194890671.47333,531072500.0,352.4846243619719
2011-07-11,356.340012,359.7699970000001,352.820011,354.000011,110668600,46.83366,354.000011,353.529987,189015173377.85812,532912800.0,354.6831177218076
2011-07-12,353.529987,357.6799890000001,348.619995,353.749992,112902300,46.800583,353.749992,358.32999,197937731294.6397,557051600.0,355.3310524458411
2011-07-13,358.32999,359.999989,356.380013,358.0199970000001,97909700,47.365498,358.0199970000001,361.009998,193890952799.94513,543804800.0,356.5451294286941
2011-07-14,361.009998,361.610012,356.340012,357.7700040000001,107633400,47.332424,357.7700040000001,361.170002,196708994768.89923,551522300.0,356.6655324161856
2011-07-15,361.170002,364.999996,359.17001,364.919994,121116800,48.278357,364.919994,365.429993,196875447717.23993,550230800.0,357.80521140808537
2011-07-18,365.429993,374.64999,365.280003,373.800011,143163300,49.453169,373.800011,378.0,211213205214.68164,582725500.0,362.4574610424319
2011-07-19,378.0,378.650002,373.32,376.849987,204786400,49.85667700000001,376.849987,396.119987,248447769670.67682,674609600.0,368.2837743054306
2011-07-20,396.119987,396.270004,385.999996,386.89999,235335100,51.186277,386.89999,386.950005,304445287007.0549,812035000.0,374.9164592746062
2011-07-21,386.950005,390.060009,383.900002,387.290012,131633600,51.237876,387.290012,388.319996,316917663582.12445,836035200.0,379.07215339991
2011-07-22,388.319996,395.050003,387.749996,393.300003,129182200,52.032988,393.300003,390.350002,323527081300.3718,844100600.0,383.2802408864202
2011-07-25,390.350002,399.999996,389.619999,398.499989,147451500,52.720939,398.499989,399.999996,328772059313.609,848388800.0,387.525223474908
2011-07-26,399.999996,404.499992,399.679989,403.410007,119145600,53.370527,403.410007,400.589996,299662834465.85144,762748000.0,392.8726584217218
2011-07-27,400.589996,402.640003,392.14999,392.59,164831100,51.939056,392.59,391.619991,273322728178.20245,692244000.0,394.8358211529496
2011-07-28,391.619991,396.989994,388.130005,391.819996,148508500,51.837186,391.819996,387.640007,280530949530.56525,709118900.0,395.60495359884675
2011-07-29,387.640007,395.150005,384.000004,390.479992,158146100,51.659905,390.479992,397.779999,291476477745.84985,738082800.0,394.9102698855059
2011-08-01,397.779999,399.500011,392.369995,396.749989,153209000,52.48941600000001,396.749989,397.650009,293502725682.51733,743840300.0,394.57760715911377
2011-08-02,397.650009,397.900002,388.35001,388.909996,159884900,51.452197,388.909996,390.980003,307619034171.9585,784579600.0,392.08135691006817
2011-08-03,390.980003,393.549995,382.23999,392.57,183127000,51.93641,392.57,389.410007,314798159012.9585,802875500.0,392.08838607350515
2011-08-04,389.410007,391.320011,377.349998,377.369999,217851900,49.925473,377.369999,380.440002,338820330422.14056,872218900.0,388.4579093873574
2011-08-05,380.440002,383.499992,362.570007,373.620007,301147700,49.429355,373.620007,361.689987,389582248341.34326,1015220500.0,383.74151067806775
2011-08-08,361.689987,367.769993,353.019989,353.210007,285958400,46.729143,353.210007,361.299992,429799947742.3511,1147969900.0,374.4000149675972
2011-08-09,361.299992,374.609989,355.000008,374.010002,270645900,49.480951,374.010002,371.14999,468843385523.1825,1258730900.0,372.4730881900035
2011-08-10,371.14999,374.64999,362.499992,363.690006,219664200,48.115631,363.690006,370.519989,476842893349.1677,1295268100.0,368.1422350702281
2011-08-11,370.519989,375.450008,364.71999,373.700008,185492300,49.439939,373.700008,378.069988,463950596057.958,1262908500.0,367.3667538526805
2011-08-12,378.069988,379.640011,374.230007,376.98999,132244000,49.875199,376.98999,379.629997,401290454513.48413,1094004800.0,366.80867809125164
2011-08-15,379.629997,384.970013,378.089989,383.410004,115136000,50.724557,383.410004,381.52,344431380268.31934,923182400.0,373.09136338422326
2011-08-16,381.52,383.370003,376.060009,380.480003,124687500,50.336922,380.480003,382.310005,290648207042.09,777224000.0,373.9568091593801
2011-08-17,382.310005,384.519989,378.0,380.440002,110515300,50.33163,380.440002,370.839996,252802973779.1354,668075100.0,378.4050232962363
2011-08-18,370.839996,372.649998,361.370007,366.050007,212858800,48.427856,366.050007,362.169998,261401465015.20856,695441600.0,375.8783843463039
2011-08-19,362.169998,366.999989,356.000004,356.029991,193972100,47.102223,356.029991,364.509998,280606685794.89966,757169700.0,370.59946508015264
2011-08-22,364.509998,364.879993,355.089996,356.4399870000001,133828800,47.156465,356.4399870000001,360.299995,284164327306.58124,775862500.0,366.2560406084599
2011-08-23,360.299995,373.640007,357.0,373.600006,164208800,49.426709,373.600006,373.46999,298071635597.77155,815383800.0,365.55991865152527
2011-08-24,373.46999,378.959995,370.599991,376.180012,156566900,49.76804,376.180012,365.079998,314924532965.54376,861435400.0,365.58113697851724
2011-08-25,365.079998,375.450008,364.999996,373.720009,217836500,49.442585,373.720009,371.169991,318417426476.06067,866413100.0,367.5122484598405
2011-08-26,371.169991,383.799999,370.799995,383.579994,160369300,50.74704600000001,383.579994,388.179993,310871996590.59375,832810300.0,373.2806817958348
2011-08-29,388.179993,391.499989,387.999989,389.969994,101317300,51.592433,389.969994,388.250008,302680767731.46436,800298800.0,378.2096983419997
2011-08-30,388.250008,391.839996,386.209988,389.989994,104480600,51.595079,389.989994,390.570007,282078747633.32794,740570600.0,380.89379680118
2011-08-31,390.570007,392.080002,381.860008,384.830009,130646600,50.912421,384.830009,385.819992,273458141566.34454,714650300.0,382.6460879766573
2011-09-01,385.819992,387.34,380.720009,381.030003,85931300,50.409686,381.030003,374.740005,224790686322.60992,582745100.0,385.74444696765346
2011-09-02,374.740005,378.0,371.830006,374.050003,109734800,49.486243,374.050003,367.37001,204322533460.03012,532110600.0,383.98508404085567
2011-09-06,367.37001,380.330013,366.480003,379.740013,127424500,50.239023,379.740013,385.560013,213200007873.45242,558217800.0,381.92979133494566
2011-09-07,385.560013,385.599987,382.000011,383.929989,87644200,50.79335,383.929989,382.399994,206102856048.24982,541381400.0,380.69807357299277
2011-09-08,382.399994,388.609989,382.310005,384.140007,104039600,50.821135,384.140007,383.929989,195791896466.70764,514774400.0,380.3450530304297
2011-09-09,383.929989,385.999996,375.020012,377.479988,141203300,49.940025,377.479988,372.999992,216350912959.47412,570046400.0,379.5321099466186
2011-09-12,372.999992,380.880013,371.899994,379.939991,116958100,50.265479,379.939991,382.139988,219741670151.64682,577269700.0,380.65685788054844
2011-09-13,382.139988,386.209988,380.250011,384.619991,110140100,50.884636,384.619991,387.019993,213715573135.86743,559985300.0,381.6449702088027
2011-09-14,387.019993,392.209991,385.759991,389.299992,133681100,51.503793,389.299992,391.43,232108387554.50485,606022200.0,383.00311037203727
2011-09-15,391.43,393.660011,389.900005,392.959995,104454700,51.988006,392.959995,395.540001,233189133271.95416,606437300.0,384.523071506245
2011-09-16,395.540001,400.500008,395.030003,400.500008,174628300,52.985538,400.500008,397.000008,249826348829.4202,639862300.0,390.43767515201347
2011-09-19,397.000008,413.229992,395.199993,411.630009,205965200,54.45802,411.630009,415.250011,290170746497.72986,728869400.0,398.11075413198836
2011-09-20,415.250011,422.860012,411.189999,413.449997,193938500,54.698802,413.449997,419.639992,327992534470.1753,812667800.0,403.5997666822474
2011-09-21,419.639992,421.589996,412.000004,412.140007,151494000,54.52549200000001,412.140007,401.030006,338387221530.0821,830480700.0,407.45946477754643
2011-09-22,401.030006,409.820007,396.700001,401.820011,242120200,53.160173,401.820011,400.280003,394629444567.6778,968146200.0,407.6134829302411
2011-09-23,400.280003,406.73999,399.850006,404.299988,136569300,53.48826999999999,404.299988,399.859993,379905775371.8198,930087200.0,408.46253488040674
2011-09-26,399.859993,403.980007,391.300011,403.170002,203219100,53.338774,403.170002,408.729996,377056163195.5713,927341100.0,406.5992148903691
2011-09-27,408.729996,409.250008,398.060005,399.260006,158124400,52.821488,399.260006,400.189987,360005039845.1332,891527000.0,403.8072204713185
2011-09-28,400.189987,403.740002,396.51001,397.009995,107409400,52.523815,397.009995,401.919987,340210906981.6282,847442400.0,401.4560836012314
2011-09-29,401.919987,402.210007,386.209988,390.570007,162771700,51.67181400000001,390.570007,387.119995,306495909562.7079,768093900.0,399.0344273827821
2011-09-30,387.119995,388.889996,381.179993,381.319996,136910200,50.448052,381.319996,380.369987,303487540127.8987,768434800.0,394.9424728394637
2011-10-03,380.369987,382.6399990000001,373.17001,374.600002,167274800,49.559007,374.600002,374.569988,284216835589.01013,732490500.0,388.0143641303336
2011-10-04,374.569988,381.800007,354.23999,372.500008,308419300,49.281181,372.500008,367.860008,335970278413.6181,882785400.0,380.57978577083185
2011-10-05,367.860008,379.819988,360.299995,378.249992,196617400,50.041895,378.249992,373.330013,367698203033.7259,971993400.0,378.29290099472473
2011-10-06,373.330013,384.779995,371.799992,377.369999,203145600,49.925473,377.369999,375.780003,380785513894.1784,1012367300.0,376.13375490711564
2011-10-07,375.780003,377.739994,368.490009,369.799999,133864500,48.923974,369.799999,379.090012,378082008943.9547,1009321600.0,374.59022866839933
2011-10-10,379.090012,388.809994,378.209991,388.809994,110628700,51.438967,388.809994,392.57,358434412712.6329,952675500.0,376.23977179284327
2011-10-11,392.57,403.179989,391.499989,400.289989,151421900,52.957753,400.289989,407.340004,304160891680.6376,795678100.0,382.26626028872425
2011-10-12,407.340004,409.250008,400.1399990000001,402.190006,155571500,53.209122,402.190006,404.980003,292359664222.0058,754632200.0,387.4200759283871
2011-10-13,404.980003,408.429989,402.849995,408.429989,106546300,54.034662,408.429989,416.829994,259215313490.14212,658032900.0,393.924549198288
2011-10-14,416.829994,421.999992,415.270012,421.999992,143341800,55.829953,421.999992,421.740013,270202459977.27222,667510200.0,404.7915072717574
2011-10-17,421.740013,426.699993,415.939987,419.990013,171511200,55.564036,419.990013,421.759987,299221906911.69006,728392700.0,410.7975092442443
2011-10-18,421.759987,424.80999,415.990002,422.23999800000007,220400600,55.86170500000001,422.23999800000007,401.349987,331671185129.5298,797371400.0,415.95570787907593
2011-10-19,401.349987,408.420002,397.799999,398.619991,276014900,52.736815,398.619991,399.999996,379126939564.9667,917814800.0,413.07564398064477
2011-10-20,399.999996,400.349991,394.210011,395.310009,137317600,52.298909,395.310009,398.100006,389893257119.83435,948586100.0,411.02569088861236
2011-10-21,398.100006,399.140003,390.750011,392.870007,155311100,51.976101,392.870007,396.179989,390420091610.7464,960555400.0,406.45244575247443
2011-10-24,396.179989,406.500011,395.399998,405.770008,125534500,53.682751,405.770008,405.029991,369325235562.37683,914578700.0,403.82007099266235
2011-10-25,405.029991,406.549999,397.37999,397.770012,107606800,52.624364,397.770012,401.76001,319066044786.4596,801784900.0,397.9446916329549
2011-10-26,401.76001,402.549988,393.150013,400.60001,114076200,52.99876800000001,400.60001,407.560009,254739914693.3557,639846200.0,398.12679155296337
2011-10-27,407.560009,408.999989,401.8899990000001,404.69001,123666200,53.539869,404.69001,403.000011,250503368716.1593,626194800.0,400.0406402546928
2011-10-28,403.000011,406.349995,402.509987,404.949989,80710700,53.574264,404.949989,402.419998,222170092849.1639,551594400.0,402.77800653734687
2011-10-31,402.419998,409.330009,401.050007,404.779999,96375300,53.551774,404.779999,397.410004,210242751617.5126,522435200.0,402.42838081643924
2011-11-01,397.410004,399.500011,393.220001,396.51001,132947500,52.457667,396.51001,400.090012,220155008044.706,547775900.0,401.9070719334421
2011-11-02,400.090012,400.440006,395.110004,397.410004,81837700,52.576735,397.410004,399.069988,206979201868.2948,515537400.0,401.4824178969262
2011-11-03,399.069988,403.399994,395.359997,403.07,110346600,53.325544,403.07,402.030003,201410130215.6328,502217800.0,401.04140119213776
2011-11-04,402.030003,403.439995,399.160004,400.240002,75557300,52.95114,400.240002,399.910007,198967387041.5651,497064400.0,400.28492694621684
2011-11-07,399.910007,399.999996,396.130001,399.730003,67568900,52.88366800000001,399.730003,402.210007,186965909803.6471,468258000.0,399.2796915453598
2011-11-08,402.210007,407.999992,401.560005,406.229992,100110500,53.74360600000001,406.229992,396.969994,174918782863.2881,435421000.0,401.7233501904779
2011-11-09,396.969994,400.890003,394.230011,395.279995,139671000,52.294938,395.279995,397.029995,197604814360.58228,493254300.0,400.6144789018206
2011-11-10,397.029995,397.209999,382.150002,385.220005,186188100,50.964017,385.220005,386.609997,224850791111.52277,569095800.0,395.10182839431036
2011-11-11,386.609997,388.700005,380.259998,384.619991,163446500,50.884636,384.619991,383.519993,257474528567.38968,656985000.0,391.9032071773171
2011-11-14,383.519993,385.249992,378.200005,379.260002,108226300,50.175518,379.260002,380.800011,271511118722.1356,697642400.0,389.1837977768203
2011-11-15,380.800011,389.499996,379.449993,388.829994,107702700,51.441613,388.829994,389.250004,272721271302.80338,705234600.0,386.7099987760149
2011-11-16,389.250004,391.140007,384.320011,384.770008,87302600,50.904483,384.770008,383.980003,251103541221.5792,652866200.0,384.6171561976699
2011-11-17,383.980003,384.57999,375.499996,377.41,119975100,49.930765,377.41,378.919994,224659962899.63873,586653200.0,382.9519090659332
2011-11-18,378.919994,379.990005,374.880009,374.94001,92984500,49.60399,374.94001,370.400013,196658780900.50223,516191200.0,380.9804988936313
2011-11-21,370.400013,371.679989,365.910004,369.009995,111995100,48.819458,369.009995,371.02,196940185437.07413,519960000.0,378.7602612452383
2011-11-22,371.02,377.930012,370.939999,376.510006,102255300,49.811698,376.510006,374.509987,193562288858.82214,514512600.0,376.20514805433754
2011-11-23,374.509987,375.840004,366.880013,366.990002,107067800,48.552216,366.990002,368.419994,199263678894.53693,534277800.0,372.95893427452336
2011-11-25,368.419994,371.14999,363.320011,363.570004,63690200,48.099755,363.570004,372.349991,177139722672.29773,477992900.0,370.59069846497243
2011-11-28,372.349991,376.719997,370.329998,376.12001,86603300,49.760102,376.12001,375.840004,174849347374.48572,471611700.0,370.74853608272593
2011-11-29,375.840004,378.830006,370.200008,373.199997,93963800,49.373788,373.199997,381.290009,168589325961.5698,453580400.0,371.6856503534319
2011-11-30,381.290009,382.279991,378.300007,382.199989,101484600,50.564474,382.199989,382.539997,168876595348.7074,452809700.0,372.95268928361605
2011-12-01,382.539997,389.000011,380.749996,387.93,96795300,51.322545,387.93,389.82999,167133583941.5718,442537200.0,377.6712645661694
2011-12-02,389.82999,393.629997,388.580002,389.700001,94763900,51.556714,389.700001,393.489994,180907229597.5749,473610900.0,381.97437938521875
2011-12-05,393.489994,396.410007,390.390003,393.01001,89302500,51.994623,393.01001,392.509998,183430771953.5669,476310100.0,385.1078781524198
2011-12-06,392.509998,394.629993,389.379993,390.949989,70899500,51.722085,390.949989,389.929993,176081640820.56378,453245800.0,388.49039708821084
2011-12-07,389.929993,390.940002,386.759987,389.09,76186600,51.476012,389.09,391.450001,166937672010.89438,427947800.0,390.0888660039715
2011-12-08,391.450001,395.5,390.23,390.659996,94089100,51.68372,390.659996,392.850006,166144718711.53796,425241600.0,390.70664467337616
2011-12-09,392.850006,394.039993,391.029991,393.62001,74248300,52.075325,393.62001,391.679993,158440843375.25708,404726000.0,391.4768099288335
2011-12-12,391.679993,393.89999,389.450008,391.839996,75266800,51.839832,391.839996,392.999996,152836609568.1649,390690300.0,391.19632498724667
2011-12-13,392.999996,395.399998,387.099995,388.809994,84732200,51.438967,388.809994,386.700012,158063176996.6662,404523000.0,390.73965385569227
2011-12-14,386.700012,387.380001,377.679993,380.19001,101721900,50.298556,380.19001,383.330002,167093382980.8852,430058300.0,388.53658441398574
2011-12-15,383.330002,383.739998,378.309994,378.939995,64050000,50.133181,378.939995,380.360001,154607642230.99158,400019200.0,386.5005535509085
2011-12-16,380.360001,384.149994,379.569996,381.019989,105369600,50.408361,381.019989,382.470009,165529949475.44296,431140500.0,383.9350501181006
2011-12-19,382.470009,384.85001,380.480003,382.210003,58882600,50.565798,382.210003,387.76001,158542925587.15796,414756300.0,382.25561754494856
2011-12-20,387.76001,396.099987,387.259998,395.949997,84303800,52.383579,395.949997,396.689987,158978288770.63974,414327900.0,383.70162562221793
2011-12-21,396.689987,397.299988,392.009987,396.450008,65737000,52.44972900000001,396.450008,397.000008,146366072768.31674,378343000.0,386.86079237178103
2011-12-22,397.000008,399.12999,396.099987,398.550003,50589700,52.727555,398.550003,399.690002,142257491175.33585,364882700.0,389.8718442264757
2011-12-23,399.690002,403.590012,399.489998,403.330006,67349800,53.359942,403.330006,403.099987,129273762580.50023,326862900.0,395.4984263448076
2011-12-27,403.099987,409.090004,403.020012,406.529999,66269000,53.783297,406.529999,406.890007,133708580361.58344,334249300.0,400.02650824275
2011-12-28,406.890007,408.250011,401.34,402.640003,57165500,53.26865600000001,402.640003,403.399994,123345608095.99133,307111000.0,401.63200958608235
2011-12-29,403.399994,405.650005,400.509995,405.120007,53994500,53.596757,405.120007,403.51001,119158426138.05682,295368500.0,403.42293148408453
2011-12-30,403.51001,406.280006,403.490009,405.000004,44915500,53.58088100000001,405.000004,409.399998,117186678730.94972,289694300.0,404.51841382778235
2012-01-03,409.399998,412.499989,408.999989,411.23,75555200,54.4051,411.23,410.000011,121093048388.8509,297899700.0,406.489326403655
2012-01-04,410.000011,414.680012,409.279995,413.44001,65005500,54.697481,413.44001,414.950005,121028586455.17491,296636200.0,408.00342795375246
2012-01-05,414.950005,418.550007,412.670006,418.029995,67817400,55.304729,418.029995,419.770008,126361176746.59143,307288100.0,411.2140260120435
2012-01-06,419.770008,422.749996,419.220009,422.400002,79573200,55.882874,422.400002,425.499992,138098644367.77634,332866800.0,414.87659438483
2012-01-09,425.499992,427.750004,421.349991,421.73,98506100,55.794234,421.73,425.909988,161450844241.11435,386457400.0,417.771387586612
2012-01-10,425.909988,426.000004,421.500008,423.239994,64549100,55.994003,423.239994,422.680008,157700040041.81976,375451300.0,420.0279504740555
2012-01-11,422.680008,422.849998,419.309998,422.549992,53771200,55.902717,422.549992,422.279999,153545185601.59515,364217000.0,421.57610875273576
2012-01-12,422.279999,422.900013,418.750011,421.389992,53146800,55.749251,421.389992,419.699993,147591007845.50775,349546400.0,422.2358114559548
2012-01-13,419.699993,420.449997,418.659996,419.810009,56505400,55.540222,419.810009,424.199989,137700820488.90994,326478600.0,421.77594638334625
2012-01-17,424.199989,425.98999,422.959988,424.700001,60724300,56.18716,424.700001,426.959999,121947453206.63425,288696800.0,422.4066675024948
2012-01-18,426.959999,429.46999000000005,426.300011,429.110008,69197800,56.770597,429.110008,430.150005,124321161021.51125,293345500.0,423.80456158867696
2012-01-19,430.150005,431.370007,426.51000199999993,427.750004,65434600,56.59067099999999,427.750004,427.48999800000007,129589791303.41924,305008900.0,424.87216374151456
2012-01-20,427.48999800000007,427.500011,419.750008,420.30000700000005,103493600,55.605048,420.30000700000005,422.669994,150692622481.04886,355355700.0,424.0613629696917
2012-01-23,422.669994,428.449993,422.299999,427.409996,76515600,56.545688,427.409996,425.10001,159674622288.43787,375365900.0,425.38393148775066
2012-01-24,425.10001,425.10001,419.550003,420.409996,136909500,55.619599,420.409996,454.439987,191443134365.07556,451551100.0,423.9678175184947
2012-01-25,454.439987,454.449974,443.729996,446.659996,239578500,59.092434,446.659996,448.360008,268759797705.17914,621931800.0,432.13708915540116
2012-01-26,448.360008,448.789978,443.139996,444.62999,80996300,58.82386700000001,444.62999,444.339996,276783531352.4777,637493500.0,434.1746721377986
2012-01-27,444.339996,448.4800110000001,443.769997,447.28001,74927300,59.174461,447.28001,445.709988,266798654041.29553,608927200.0,438.14540398473827
2012-01-30,445.709988,453.900002,445.390007,453.009995,94835300,59.932529,453.009995,455.589973,277056460530.1814,627246900.0,441.7023990555894
2012-01-31,455.589973,458.240021,453.07002300000005,456.47998,97920900,60.391603,456.47998,458.41001100000005,264197268656.40143,588258300.0,449.1177917190483
2012-02-01,458.41001100000005,458.98999800000007,455.550026,456.189987,67511500,60.353237,456.189987,455.89999400000005,187985207112.06598,416191300.0,451.679809530055
2012-02-02,455.89999400000005,457.169983,453.980003,455.12000300000005,46699100,60.21168,455.12000300000005,457.300026,173225517585.12628,381894100.0,453.59568944669815
2012-02-03,457.300026,460.000008,455.560013,459.68,71649900,60.814961,459.68,458.379997,172648060123.85327,378616700.0,455.9969492202887
2012-02-06,458.379997,464.979988,458.20002,463.969978,62353200,61.38251800000001,463.969978,465.250008,158616734177.2594,346134600.0,458.251599745473
2012-02-07,465.250008,469.749977,464.579979,468.830009,79055900,62.025493,468.830009,470.500008,150981582012.1805,327269600.0,461.3370200354097
2012-02-08,470.500008,476.789978,469.699989,476.680016,101972500,63.064037,476.680016,480.76000199999993,168791764636.39,361730600.0,466.6228531298984
2012-02-09,480.76000199999993,496.750008,480.55999800000006,493.170006,221053700,65.245637,493.170006,490.960022,256555124659.61493,536085200.0,478.5715491858662
2012-02-10,490.960022,497.619987,488.54998,493.419998,157825500,65.278711,493.419998,499.529991,301493356521.9639,622260800.0,484.51285461331315
2012-02-13,499.529991,503.830009,497.089989,502.600021,129304000,66.493214,502.600021,504.659988,337551536805.1183,689211600.0,489.76473524983953
2012-02-14,504.659988,509.56002,502.000008,509.459991,115099600,67.400777,509.459991,514.259995,359126399676.71875,725255300.0,495.17238919414825
2012-02-15,514.259995,526.290016,496.889984,497.669975,376530000,65.840976,497.669975,491.500008,497905822431.90875,999812800.0,497.999047853667
2012-02-16,491.500008,504.890007,486.62999,502.209999,236138000,66.441614,502.209999,503.109993,507479632620.44855,1014897100.0,500.0306263762588
2012-02-17,503.109993,507.7700200000001,500.299995,502.12001,133951300,66.429709,502.12001,506.880013,496865002821.61255,991022900.0,501.3658138692986
2012-02-21,506.880013,514.850021,504.12000300000005,514.850021,151398800,68.11386999999999,514.850021,513.079994,509824485065.6033,1013117700.0,503.2233520997642
2012-02-22,513.079994,515.489983,509.07002300000005,513.039993,120825600,67.87440600000001,513.039993,515.079987,513174208863.7205,1018843700.0,503.6829583023584
2012-02-23,515.079987,517.830009,509.499992,516.3899769999998,142006900,68.317604,516.3899769999998,519.6699980000002,399117473001.81177,784320600.0,508.87031782897424
2012-02-24,519.6699980000002,522.899979,518.6400150000002,522.4099809999999,103768000,69.114041,522.4099809999999,521.309982,334736047166.3577,651950600.0,513.4377469187968
2012-02-27,521.309982,528.5,516.2800139999998,525.760017,136895500,69.55724599999999,525.760017,527.960014,339450599478.06824,654894800.0,518.3284391295643
2012-02-28,527.960014,535.410011,525.850006,535.410011,150096800,70.833925,535.410011,541.5600049999998,341866253457.75824,653592800.0,523.0569453301172
2012-02-29,541.5600049999998,547.6100230000002,535.700005,542.440025,238002800,71.76398499999998,542.440025,548.169983,408980133261.6074,770770000.0,530.6124177920876
2012-03-01,548.169983,548.209984,538.7699809999998,544.4699780000002,170817500,72.032545,544.4699780000002,544.240013,428654193903.7811,799580600.0,536.0987921715223
2012-03-02,544.240013,546.800018,542.519974,545.180008,107928100,72.12648100000001,545.180008,545.420013,433284997416.798,803740700.0,539.08555012431
2012-03-05,545.420013,547.47998,526.000023,533.1600269999999,202281100,70.53625600000002,533.1600269999999,523.659996,469159013747.1641,869126300.0,539.8053352512335
2012-03-06,523.659996,533.690025,516.2199860000002,530.259987,202559700,70.152585,530.259987,536.8000030000002,496204988296.82324,921589200.0,538.423180628444
2012-03-07,536.8000030000002,537.779999,523.299988,530.6900099999998,199630200,70.209476,530.6900099999998,534.6899950000002,473044496349.05524,883216600.0,535.5928504390149
2012-03-08,534.6899950000002,542.989998,532.120003,541.989975,129114300,71.704444,541.989975,544.209999,450018152111.18274,841513400.0,534.7724137383703
2012-03-09,544.209999,547.740013,543.110001,545.170021,104729800,72.125159,545.170021,548.9799879999998,448273456955.08374,838315100.0,534.7314595133545
2012-03-12,548.9799879999998,551.999977,547.000023,551.999977,101820600,73.028752,551.999977,557.540024,396630229075.6203,737854600.0,537.5452414007045
2012-03-13,557.540024,568.18,555.750023,568.099998,172713800,75.15876,568.099998,578.050026,387339634621.46875,708008700.0,547.0831567768429
2012-03-14,578.050026,594.719994,575.399979,589.580009,354711000,78.00053299999998,589.580009,599.6099849999998,490528396359.56586,863089500.0,568.3401273675162
2012-03-15,599.6099849999998,600.009995,578.550011,585.5599980000002,289929500,77.468692,585.5599980000002,584.7199780000002,590320857570.5645,1023904700.0,576.5388688718436
2012-03-16,584.7199780000002,589.199974,577.9999849999998,585.569984,206371900,77.470013,585.569984,598.37001,654070500486.2882,1125546800.0,581.113553418026
2012-03-19,598.37001,601.7699809999998,589.050011,601.100006,225309000,79.524611,601.100006,599.51001,733298772880.016,1249035200.0,587.092159516414
2012-03-20,599.51001,606.899979,591.480026,605.959984,204165500,80.167578,605.959984,602.73999,758896186558.7955,1280486900.0,592.6622026033968
2012-03-21,602.73999,609.650002,601.4100269999999,602.4999849999998,161010500,79.709826,602.4999849999998,597.779984,646774495821.2389,1086786400.0,595.1256804660409
2012-03-22,597.779984,604.499977,595.529999,599.3400190000001,155967700,79.29176700000002,599.3400190000001,600.490005,570481062662.4841,952824600.0,598.7262111646615
2012-03-23,600.490005,601.799995,594.399986,596.050011,107622200,78.856504,596.050011,599.790016,513784085975.2788,854074900.0,601.5679491052585
2012-03-26,599.790016,607.150024,595.259979,606.97998,148935500,80.302522,606.97998,606.180016,468751711534.71484,777701400.0,602.7399610373786
2012-03-27,606.180016,616.280006,606.060013,614.4800190000002,151782400,81.29476600000002,614.4800190000002,618.3799740000002,438302840457.22845,725318300.0,604.2903377141159
2012-03-28,618.3799740000002,621.450005,610.3099900000002,617.62001,163865100,81.71018199999997,617.62001,612.780006,442500381323.037,728172900.0,607.6858687312272
2012-03-29,612.780006,616.560013,607.230026,609.8599929999998,152059600,80.683544,609.8599929999998,608.7699809999998,441757763633.2334,724264800.0,609.939574080134
2012-03-30,608.7699809999998,610.559982,597.939987,599.550011,182759500,79.319549,599.550011,601.830009,487183010374.74365,799402100.0,609.4342388827146
2012-04-02,601.830009,618.769997,600.37999,618.6300200000002,149587900,81.843805,618.6300200000002,627.300018,489321709132.21173,800054500.0,611.6104704519652
2012-04-03,627.300018,632.209984,622.510002,629.319984,208639900,83.258071,629.319984,624.349991,527355715626.1078,856912000.0,615.4140864244027
2012-04-04,624.349991,625.8599849999998,617.000023,624.3099900000002,143245200,82.595256,624.3099900000002,626.980011,515578760305.00476,836292100.0,616.5055969140504
2012-04-05,626.980011,634.6600269999999,623.400009,633.679977,160324500,83.834891,633.679977,626.130005,524438119185.9585,844557000.0,620.9623733933394
2012-04-09,626.130005,639.840012,625.300026,636.229996,149384200,84.172255,636.229996,639.93,509907367919.06726,811181700.0,628.5982140857803
2012-04-10,639.93,644.0,626.0000150000002,628.440018,222431300,83.141653,628.440018,636.199982,557152532526.0726,884025100.0,630.245150874192
2012-04-11,636.199982,636.87001,623.339981,626.20002,174153700,82.845304,626.20002,624.999992,534906324419.385,849538900.0,629.6431210146881
2012-04-12,624.999992,631.330017,620.500023,622.7699809999998,153584200,82.391515,622.7699809999998,624.1099849999998,541124544355.7371,859877900.0,629.3039329836679
2012-04-13,624.1099849999998,624.700012,603.509995,605.22998,214911200,80.071,605.22998,610.0599980000002,569600820160.9766,914464600.0,622.8790268764658
2012-04-16,610.0599980000002,610.279976,578.249977,580.1300200000002,262696700,76.750314,580.1300200000002,578.93998,626956353017.4474,1027777100.0,610.011988997855
2012-04-17,578.93998,610.000023,571.910019,609.699989,256382000,80.662375,609.699989,613.720001,643487725421.4819,1061727800.0,606.0759880465425
2012-04-18,613.720001,620.249977,602.709976,608.340012,238632800,80.482452,608.340012,600.2199860000002,679602555414.0016,1126206900.0,603.4437858745152
2012-04-19,600.2199860000002,604.729996,584.519974,587.439987,208679800,77.717411,587.439987,591.379997,706541785097.264,1181302500.0,598.1040293212484
2012-04-20,591.379997,594.620018,570.4199980000002,572.980003,257746300,75.804378,572.980003,570.610016,724154559566.7269,1224137600.0,591.5630396180355
2012-04-23,570.610016,576.670021,556.620003,571.699974,241632300,75.635032,571.699974,562.6099929999998,709897497369.353,1203073200.0,590.0700783371727
2012-04-24,562.6099929999998,567.6900019999998,554.999992,560.280006,269037300,74.124187,560.280006,615.639992,704317614847.7788,1215728500.0,579.3379153715479
2012-04-25,615.639992,617.999992,605.9999849999998,610.000023,226444400,80.702069,610.000023,614.269974,697278823640.4064,1203540100.0,579.3565363051937
2012-04-26,614.269974,614.6900099999998,602.12999,607.6999969999998,134017100,80.39778000000003,607.6999969999998,605.069977,656134155909.1924,1128877400.0,581.227116345134
2012-04-27,605.069977,606.180016,600.499992,603.000023,101680600,79.77598,603.000023,597.800011,569764084300.6073,972811700.0,585.6879438236683
2012-04-30,597.800011,598.400024,582.999992,583.9799879999998,126536200,77.259659,583.9799879999998,584.900009,505517513230.6127,857715600.0,589.3766106511443
2012-05-01,584.900009,596.759987,581.2300190000002,582.130013,152749800,77.01491,582.130013,580.239983,443701536232.13635,741428100.0,598.4417588598765
2012-05-02,580.239983,587.399986,578.8599780000002,585.97998,106847300,77.52425500000003,585.97998,590.499977,368180825740.9691,621831000.0,592.0914617331222
2012-05-03,590.499977,591.400024,580.300011,581.819992,97637400,76.973895,581.819992,577.080017,343546025759.92126,585451300.0,586.8054708562801
2012-05-04,577.080017,578.3599929999998,565.1699980000002,565.25,132498100,74.78171,565.25,561.500008,357127172646.26746,616268800.0,579.4990313419524
2012-05-07,561.500008,572.7700120000002,561.2299879999998,569.480003,115029600,75.34133299999998,569.480003,569.579979,348739621041.79065,604762200.0,576.6557847725778
2012-05-08,569.579979,571.500023,558.730011,568.18,124313000,75.169344,568.18,563.700005,330451538322.0433,576325400.0,573.3766693642918
2012-05-09,563.700005,573.980026,560.850006,569.180023,120176000,75.30164599999998,569.180023,574.579987,336242938049.0373,589654100.0,570.2375987024211
2012-05-10,574.579987,575.87999,568.43998,570.519974,83300000,75.47891899999998,570.519974,565.000008,326959860596.3365,575316700.0,568.3128276935755
2012-05-11,565.000008,574.470024,564.350006,566.710007,99886500,74.974867,566.710007,562.569992,308671988685.542,542705100.0,568.7655942159785
2012-05-14,562.569992,567.510025,557.599998,558.2199860000002,88156600,73.85165,558.2199860000002,561.45002,292375707750.2608,515832100.0,566.8040196611665
2012-05-15,561.45002,563.219994,551.7499849999998,553.169991,119084000,73.183543,553.169991,554.050011,287617242618.5048,510603100.0,563.2892605205586
2012-05-16,554.050011,556.8900219999998,541.039993,546.0800019999998,140224000,72.245548,546.0800019999998,545.3099980000002,295788986374.9048,530651100.0,557.4076570743089
2012-05-17,545.3099980000002,547.500008,530.12001,530.12001,179305000,70.134066,530.12001,533.9599910000002,343317840933.75476,626656100.0,547.8568563104305
2012-05-18,533.9599910000002,543.4099809999999,522.180016,530.37999,183073100,70.168461,530.37999,534.499977,383809470766.81824,709842700.0,540.6965103209743
2012-05-21,534.499977,561.5400089999998,534.04998,561.279976,157776500,74.25648199999998,561.279976,569.550018,423155484882.37463,779462600.0,542.8810630328827
2012-05-22,569.550018,573.879997,552.580017,556.970024,173717600,73.68628199999998,556.970024,557.500023,454037285515.353,834096200.0,544.3464261260908
2012-05-23,557.500023,572.800026,553.2300190000002,570.559975,146224400,75.484211,570.559975,575.870003,460893553323.29504,840096600.0,548.6197103086657
2012-05-24,575.870003,576.499977,561.2299879999998,565.320015,124057500,74.790973,565.320015,564.590012,435972572691.10754,784849100.0,555.4858541484058
2012-05-25,564.590012,565.850014,558.4699780000002,562.289986,82126800,74.390105,562.289986,570.900009,385053340966.06335,683902800.0,563.023489545683
2012-05-29,570.900009,574.0,565.309975,572.269974,95127200,75.710442,572.269974,569.1999969999998,350934991103.39215,621253500.0,564.8821151162805
2012-05-30,569.1999969999998,579.98999,566.5599900000002,579.1699980000002,132357400,76.623304,579.1699980000002,580.740021,330836930355.45496,579893300.0,570.5134554157721
2012-05-31,580.740021,581.4999849999998,571.460022,577.7300190000002,122918600,76.432797,577.7300190000002,569.159996,318420905460.5184,556587500.0,572.0949634343538
2012-06-01,569.159996,572.650009,560.5200120000002,560.989983,130246900,74.21811600000002,560.989983,561.500008,321355923916.45856,562776900.0,571.0183270074848
2012-06-04,561.500008,567.4999849999998,548.499977,564.289978,139248900,74.6547,564.289978,561.269989,353753605411.758,619899000.0,570.6632942007617
2012-06-05,561.269989,566.470001,558.3300019999998,562.830025,97053600,74.461551,562.830025,567.770004,353939845255.4052,621825400.0,569.194898206804
2012-06-06,567.770004,573.849983,565.499992,571.460022,100363900,75.603286,571.460022,577.2900089999998,334636366664.1258,589831900.0,567.3419268508974
2012-06-07,577.2900089999998,577.320023,570.5,571.720001,94941700,75.637681,571.720001,571.599998,317902670369.6141,561855000.0,565.8090973108971
2012-06-08,571.599998,580.580017,568.999992,580.319984,86879100,76.775446,580.319984,587.719994,295253142074.7457,518487200.0,569.451168851894
2012-06-11,587.719994,588.4999849999998,570.62999,571.169975,147816200,75.564914,571.169975,574.459984,301104558615.8165,527054500.0,571.2968177215383
2012-06-12,574.459984,576.6199799999998,566.70002,576.159996,108845100,76.225086,576.159996,574.5200120000002,309192070882.0962,538846000.0,573.8041497609636
2012-06-13,574.5200120000002,578.479996,570.379997,572.160011,73395000,75.695894,572.160011,571.23999,293831798387.43536,511877100.0,574.0280203733188
2012-06-14,571.23999,573.5000150000002,567.259979,571.529984,86393300,75.612542,571.529984,570.9999849999998,288928090935.20087,503328700.0,574.0346038984085
2012-06-15,570.9999849999998,574.619987,569.550018,574.12999,83813800,75.956519,574.12999,570.959984,286630429169.1285,500263400.0,572.9590235246642
2012-06-18,570.959984,587.889984,570.37001,585.779976,110103000,77.497794,585.779976,583.400002,266698386608.0615,462550200.0,576.5825776490022
2012-06-19,583.400002,589.999992,583.100021,587.4100269999999,90351100,77.713448,587.4100269999999,588.2099910000002,257059336317.9216,444056200.0,578.8891953719408
2012-06-20,588.2099910000002,589.2500150000002,580.799995,585.739975,89735800,77.492502,585.739975,585.4399950000002,267627497559.1816,460397000.0,581.2972229601444
2012-06-21,585.4399950000002,588.2199780000002,577.440025,577.669991,81587800,76.424856,577.669991,579.0400089999998,265381959884.1842,455591500.0,582.4998049440874
2012-06-22,579.0400089999998,582.189987,575.420006,582.099998,71117900,77.01093900000002,582.099998,577.299995,258659673176.08643,442895600.0,584.0195142514092
2012-06-25,577.299995,579.800026,570.37001,570.77002,76095600,75.512,570.77002,571.329979,237596627612.4704,408888200.0,581.0796878277984
2012-06-26,571.329979,574.489998,567.329994,572.0300219999998,69134100,75.678696,572.0300219999998,575.000023,224070266265.94092,387671200.0,577.9904885014438
2012-06-27,575.000023,576.739983,571.920006,574.4999849999998,50749300,76.00546899999998,574.4999849999998,571.670013,200663893106.09644,348684700.0,575.4880931285383
2012-06-28,571.670013,574.0,565.610008,569.04998,70709100,75.284441,569.04998,577.9999849999998,193770081355.20462,337806000.0,573.6134981474711
2012-06-29,577.9999849999998,584.0000150000002,574.249992,584.0000150000002,105375200,77.26230799999998,584.0000150000002,584.7300190000002,213911470288.06845,372063300.0,574.9330027661111
2012-07-02,584.7300190000002,593.4699780000002,583.600006,592.519997,100023000,78.389489,592.519997,594.879997,229744010814.08746,395990700.0,580.1752687982002
2012-07-03,594.879997,600.000008,593.999977,599.4099809999999,60428200,79.301023,599.4099809999999,600.56002,226418496284.00146,387284800.0,584.6304742246571
2012-07-05,600.56002,614.339989,599.649986,609.9399950000002,121095800,80.694128,609.9399950000002,607.089996,271124195841.76196,457631300.0,592.4511628504474
2012-07-06,607.089996,608.439987,601.580017,605.879982,104732600,80.156994,605.879982,605.299995,294342569703.7572,491654800.0,598.6773030666175
2012-07-09,605.299995,613.899979,604.110008,613.889992,94851400,81.216706,613.889992,617.9699780000002,291031776510.318,481131000.0,604.8909268168503
2012-07-10,617.9699780000002,619.869995,605.309982,608.210022,127989400,80.465255,608.210022,606.119987,309610584640.1538,509097400.0,608.1558944126483
2012-07-11,606.119987,607.659996,597.220024,604.430016,117330500,79.965166,604.430016,600.240013,344307394418.57764,565999700.0,608.3172736992221
2012-07-12,600.240013,603.469994,592.68,598.900009,107010400,79.23355500000002,598.900009,602.949982,334534752295.15027,551914300.0,606.1353226309778
2012-07-13,602.949982,607.190025,600.000008,604.970001,77856800,80.03660500000002,604.970001,605.120018,318180394866.19385,525038500.0,606.0134539966
2012-07-16,605.120018,611.6199799999998,605.019989,606.910019,75315100,80.293267,606.910019,610.790001,305661558450.99194,505502200.0,604.6690962986747
2012-07-17,610.790001,611.499977,603.149986,606.93998,73406200,80.29723,606.93998,606.590012,272370280221.10114,450919000.0,604.0337182977456
2012-07-18,606.590012,608.340012,603.559982,606.260017,63175000,80.207272,606.260017,611.279999,239752680802.7881,396763500.0,604.271009815137
2012-07-19,611.279999,615.349998,605.9999849999998,614.320015,109215400,81.27359799999998,614.320015,613.029999,242757357445.9255,398968500.0,608.4624661995258
2012-07-20,613.029999,614.440018,603.700012,604.300026,99367800,79.947969,604.300026,594.399986,255704293195.63147,420479500.0,608.1254691266315
2012-07-23,594.399986,605.900009,587.710007,603.8300019999998,121993900,79.885785,603.8300019999998,607.37999,283658381304.6324,467158300.0,607.1997036221605
2012-07-24,607.37999,609.680016,598.509987,600.919975,141283100,79.500793,600.919975,574.459984,324005060664.6789,535035200.0,605.5770922449194
2012-07-25,574.459984,580.799995,570.0000150000002,574.970009,219328200,76.067652,574.970009,579.760025,411811721218.6577,691188400.0,595.8024197435283
2012-07-26,579.760025,580.399986,570.3600230000002,574.8800200000002,101658200,76.055747,574.8800200000002,575.01001,403159783101.5907,683631200.0,589.7328604978688
2012-07-27,575.01001,585.830017,571.590012,585.159988,100984100,77.41577099999998,585.159988,590.920013,402203673722.2187,685247500.0,586.9465758316793
2012-07-30,590.920013,599.4399950000002,587.820023,595.0300139999998,94785600,78.72156,595.0300139999998,603.2299879999998,384940373736.22925,658039200.0,584.9809156296908
2012-07-31,603.2299879999998,611.699982,602.720016,610.759987,115581900,80.802612,610.759987,615.910011,370633336557.74207,632338000.0,586.131683621326
2012-08-01,615.910011,616.400009,603.000023,606.8099900000002,96125400,80.28003299999997,606.8099900000002,602.8400190000001,302856052442.5343,509135200.0,594.844065864105
2012-08-02,602.8400190000001,610.690025,600.25,607.789986,83039600,80.409685,607.789986,613.630013,294885421714.8159,490516600.0,601.1731748014561
2012-08-03,613.630013,617.9800190000002,611.5600049999998,615.70002,86230200,81.45617,615.70002,617.290016,288885502835.2291,475762700.0,607.2050264453878
2012-08-06,617.290016,624.870003,615.26001,622.5500030000002,75525800,82.362413,622.5500030000002,622.7699809999998,279503812956.8081,456502900.0,612.2717138419232
2012-08-07,622.7699809999998,624.999992,618.039993,620.910019,72611700,82.145445,620.910019,619.389984,253996345241.99512,413532700.0,614.211029120539
2012-08-08,619.389984,623.8800200000002,617.099998,619.860008,61176500,82.00653,619.860008,617.849976,233587358008.66107,378583800.0,617.0030466402975
2012-08-09,617.849976,621.730011,617.799988,620.7299879999998,55410600,82.47421700000002,620.7299879999998,618.710022,217511741760.28827,350954800.0,619.7713829823335
2012-08-10,618.710022,621.760025,618.699982,621.6999969999998,48734700,82.603098,621.6999969999998,623.3900219999998,194718168739.48016,313459300.0,621.191231970084
2012-08-13,623.3900219999998,630.0,623.249992,630.0,69708100,83.70589100000002,630.0,631.870003,191615684722.90274,307641600.0,622.8536216262779
2012-08-14,631.870003,638.6100230000002,630.2099910000002,631.690025,85042300,83.930439,631.690025,631.3000030000002,200250725309.33795,320072200.0,625.6423560351006
2012-08-15,631.3000030000002,633.9999849999998,627.7500150000002,630.829979,64335600,83.81616700000002,630.829979,631.210014,202914684726.87836,323231300.0,627.7692931559486
2012-08-16,631.210014,636.759995,630.4999849999998,636.340012,63633500,84.548266,636.340012,640.0000150000002,209012205807.40756,331454200.0,630.5915140233781
2012-08-17,640.0000150000002,648.1900019999998,638.809975,648.110001,110690300,86.112103,648.110001,650.010017,250453333407.302,393409800.0,636.6219992671814
2012-08-20,650.010017,665.150017,649.900002,665.150017,153346200,88.37615,665.150017,670.82,308535457944.1874,477047900.0,646.7599122523909
2012-08-21,670.82,674.880013,650.330025,656.059982,203179900,87.168389,656.059982,654.4199980000002,388113286867.89166,595185500.0,652.0879404284742
2012-08-22,654.4199980000002,668.9999849999998,648.110001,668.869995,141330700,88.870411,668.869995,666.1099849999998,442060326273.28577,672180600.0,657.6511227388678
2012-08-23,666.1099849999998,669.899979,661.149979,662.630013,105032200,88.041326,662.630013,659.509995,471165272171.10236,713579300.0,660.2843890946701
2012-08-24,659.509995,669.479996,655.550011,663.2199860000002,109335100,88.119714,663.2199860000002,679.989983,471939005218.7207,712224100.0,662.6271214617993
2012-08-27,679.989983,680.870003,673.5400089999998,675.679977,106752100,89.77522900000002,675.679977,674.9799879999998,442071034154.537,665630000.0,664.1392878243723
2012-08-28,674.9799879999998,676.100014,670.669983,674.800011,66854200,89.658311,674.800011,675.250008,353886047513.1714,529304300.0,668.5871388408735
2012-08-29,675.250008,677.669983,672.600014,673.469994,50701700,89.481596,673.469994,670.6400219999998,293500256505.6147,438675300.0,669.0603653901068
2012-08-30,670.6400219999998,671.5500030000002,662.849991,663.869987,75674900,88.20607700000002,663.869987,667.2499849999998,274141063333.42242,409318000.0,669.7508131414265
2012-08-31,667.2499849999998,668.599976,657.250023,665.240005,84580300,88.38810699999998,665.240005,665.760017,257894039037.0153,384563200.0,670.6154906060052
2012-09-04,665.760017,675.139992,664.5000150000002,674.970001,91973000,89.680897,674.970001,675.570015,247842798466.28656,369784100.0,670.2364933113311
2012-09-05,675.570015,676.350006,669.599998,670.230026,84093800,89.051113,670.230026,673.170013,259091773331.32913,387023700.0,669.4467892569089
2012-09-06,673.170013,678.290024,670.800026,676.270004,97799100,89.853624,676.270004,678.050018,291084297484.7357,434121100.0,670.5140512284147
2012-09-07,678.050018,682.480026,675.77002,680.43998,82416600,90.407674,680.43998,680.45002,296925552261.17737,440862800.0,673.51010849901
2012-09-10,680.45002,683.289978,662.100014,662.739975,121999500,88.055936,662.739975,665.110016,321513298646.2884,478282000.0,672.2253788482284
2012-09-11,665.110016,670.099983,656.499992,660.5900190000001,125995800,87.770279,660.5900190000001,666.849976,342665850660.2356,512304800.0,668.8710522724667
2012-09-12,666.849976,669.899979,656.000008,669.790016,178058300,88.992651,669.790016,677.370003,405565332505.7296,606269300.0,668.9524482036771
2012-09-13,677.370003,685.5000150000002,674.769997,682.980011,149590000,90.745159,682.980011,689.959984,441593714603.0232,658060200.0,671.053673513492
2012-09-14,689.959984,696.980011,687.8899769999998,691.2800139999998,150118500,91.847951,691.2800139999998,699.349998,489288083729.01416,725762100.0,674.1714450630781
2012-09-17,699.349998,699.799995,694.6100230000002,699.7800219999998,99507800,92.977318,699.7800219999998,699.879997,478067708622.1733,703270400.0,679.7779468923665
2012-09-18,699.879997,702.329987,696.4199980000002,701.910004,93375800,93.260321,701.910004,700.259979,460377548857.7562,670650400.0,686.4642872914952
2012-09-19,700.259979,703.989998,699.569977,702.100021,81718700,93.285568,702.100021,699.1599809999999,398490578237.91614,574310800.0,693.8587577282477
2012-09-20,699.1599809999999,700.059975,693.619987,698.6999969999998,84142100,92.833818,698.6999969999998,702.409988,355113683409.9998,508862900.0,697.8572881025515
2012-09-21,702.409988,705.070023,699.3599849999998,700.089989,142897300,93.018502,700.089989,686.8599929999998,351380733813.4706,501641700.0,700.4615721011044
2012-09-24,686.8599929999998,695.119995,682.9999849999998,690.790016,159941600,91.782847,690.790016,688.260025,392233223763.3646,562075500.0,697.8301380568352
2012-09-25,688.260025,692.7800219999998,673.000023,673.5400089999998,129697400,89.490899,673.5400089999998,668.740005,414048203575.13806,598397100.0,691.9288271536377
2012-09-26,668.740005,672.6900019999998,661.20002,665.179977,144125800,88.380131,665.179977,664.290024,452543098918.1519,660804200.0,684.8368986125571
2012-09-27,664.290024,682.170006,660.350014,681.32,148522500,90.524599,681.32,678.750008,494944363600.5782,725184600.0,682.5081001452295
2012-09-28,678.750008,681.110008,666.75,667.100021,133777700,88.63524100000002,667.100021,671.1599809999999,484146500894.7802,716065000.0,676.1208841303237
2012-10-01,671.1599809999999,676.7500150000002,656.499992,659.389992,135898700,87.61083599999998,659.389992,661.81002,463270683177.52496,692022100.0,669.4449254980801
2012-10-02,661.81002,666.349991,650.649979,661.309982,156998100,87.865938,661.309982,664.8600230000002,479738705899.2826,719322800.0,666.9310438919531
2012-10-03,664.8600230000002,671.8600230000002,662.630013,671.449974,106070300,89.21320300000002,671.449974,671.250023,455090009747.34827,681267300.0,668.0050690049974
2012-10-04,671.250023,674.2499849999998,665.550026,666.799988,92681400,88.595376,666.799988,665.200005,415698616455.17145,625426200.0,664.6645382863261
2012-10-05,665.200005,666.000023,651.280006,652.589996,148501500,86.70734399999998,652.589996,646.880013,423366103266.83374,640150000.0,661.3545313861341
2012-10-08,646.880013,647.559975,636.1099929999998,638.170013,159498500,84.791412,638.170013,638.650024,435543020379.5038,663749800.0,656.1855391587369
2012-10-09,638.650024,640.490013,623.550026,635.850014,209649300,84.483162,635.850014,639.739983,465024120034.5598,716401000.0,649.111489284018
2012-10-10,639.739983,644.979996,637.0,640.909996,127589000,85.155464,640.909996,646.499977,475576285337.0316,737919700.0,644.4824353341313
2012-10-11,646.499977,647.20002,628.099983,628.099983,136520300,83.45344200000002,628.099983,629.5599900000002,499524727038.36334,781758600.0,638.9756723346098
2012-10-12,629.5599900000002,635.37999,625.300026,629.710007,115003700,83.66736,629.710007,632.350014,475033114479.39526,748260800.0,634.8496600107813
2012-10-15,632.350014,635.129997,623.850006,634.760002,108125500,84.338336,634.760002,635.370003,441879697257.1658,696887800.0,634.0758114249751
2012-10-16,635.370003,650.300011,631.000023,649.789986,137442900,86.335317,649.789986,648.870018,397883206983.87494,624681400.0,636.9378165955877
2012-10-17,648.870018,652.790001,644.0,644.610001,97259400,85.64707,644.610001,639.5900190000001,378804523435.49036,594351800.0,637.3405842053315
2012-10-18,639.5900190000001,642.059982,630.0,632.6400070000002,119156100,84.056659,632.6400070000002,631.050011,368439041264.42816,576987600.0,638.5562553934056
2012-10-19,631.050011,631.769974,609.619987,609.8400190000001,186021500,81.027305,609.8400190000001,612.4199980000002,409463415626.8108,648005400.0,631.8827213890668
2012-10-22,612.4199980000002,635.37999,610.759987,634.029999,136682700,84.241343,634.029999,631.000023,427490605174.8771,676562600.0,631.8566902380904
2012-10-23,631.000023,633.900009,611.699982,613.3599929999998,176786400,81.494991,613.3599929999998,621.440018,446615290174.5729,715906100.0,623.846186217121
2012-10-24,621.440018,626.549988,610.639984,616.829979,139631800,81.956036,616.829979,619.9999849999998,470049988505.04565,758278500.0,619.890961572886
2012-10-25,619.9999849999998,621.999977,605.549988,609.539986,164081400,80.98744,609.539986,609.430023,494681246825.8133,803203800.0,615.8850927072473
2012-10-26,609.430023,614.000008,591.0000150000002,603.999992,254608200,80.251361,603.999992,594.879997,535021242494.53925,871790500.0,613.7039145236605
2012-10-31,594.879997,601.959999,587.70002,595.320007,127500800,79.09808199999998,595.320007,598.219994,524264087498.72754,862608600.0,607.765894634864
2012-11-01,598.219994,603.000023,594.170021,596.5400089999998,90324500,79.26017900000002,596.5400089999998,595.8900070000002,469712560475.1529,776146700.0,605.1852832398216
2012-11-02,595.8900070000002,596.950005,574.749977,576.800011,149843400,76.637395,576.800011,583.520004,470013154981.6981,786358300.0,597.7086462770192
2012-11-05,583.520004,587.7699809999998,577.599976,584.620003,132283900,77.67641,584.620003,590.230011,447334794737.6894,754560800.0,592.8412856030811
2012-11-06,590.230011,590.739983,580.0900190000001,582.849976,93729300,77.441232,582.849976,573.839996,348181564230.05176,593681900.0,586.4783215221009
2012-11-07,573.839996,574.539986,555.750023,558.000008,198412200,74.478128,558.000008,560.6299740000002,382991796268.84375,664593300.0,576.2799538738109
2012-11-08,560.6299740000002,562.230011,535.2900089999998,537.7499849999998,264036500,71.775289,537.7499849999998,540.420006,471095242140.37573,838305300.0,561.9614263924799
2012-11-09,540.420006,554.87999,533.7199860000002,547.0599980000002,232478400,73.017928,547.0599980000002,554.149986,511845200411.14154,920940300.0,555.7854297516805
2012-11-12,554.149986,554.500008,538.649979,542.829994,128950500,72.453335,542.829994,538.910011,504507585537.5869,917606900.0,549.8079684640416
2012-11-13,538.910011,550.479996,536.3599929999998,542.900009,133237300,72.46268,542.900009,545.5000150000002,522211996651.2258,957114900.0,545.6105600813714
2012-11-14,545.5000150000002,547.45002,536.180016,536.880005,119292600,71.65916999999997,536.880005,537.530006,475543799148.39124,877995300.0,541.6245384780434
2012-11-15,537.530006,539.4999849999998,522.6200259999998,525.619987,197477700,70.156258,525.619987,525.200005,437356401340.7287,811436500.0,538.9902984900589
2012-11-16,525.200005,530.000008,505.75,527.680008,316723400,70.431216,527.680008,540.709999,477305374547.47266,895681500.0,532.8963192244929
2012-11-19,540.709999,567.4999849999998,539.8800200000002,565.730011,205829400,75.509877,565.730011,571.910019,523751044132.2991,972560400.0,538.5280380861683
2012-11-20,571.910019,571.95002,554.580009,560.9099809999999,160688500,74.86653100000002,560.9099809999999,564.249977,541548296245.08185,1000011600.0,541.5420143577153
2012-11-21,564.249977,567.369995,556.599976,561.700012,93250500,74.97198,561.700012,567.169991,529881291529.6249,973969500.0,544.0430029170574
2012-11-23,567.169991,572.000008,562.600006,571.500023,68206600,76.28002,571.500023,575.900017,465063138891.5868,844698400.0,550.5670886692656
2012-11-26,575.900017,589.999992,573.710007,589.5300219999998,157644900,78.686544,589.5300219999998,589.549995,390870934010.9873,685619900.0,570.098583794005
2012-11-27,589.549995,590.419975,580.100006,584.780006,133332500,78.052544,584.780006,577.2699809999998,352397245434.8589,613123000.0,574.7578307042126
2012-11-28,577.2699809999998,585.8000030000002,572.259987,582.940018,130216100,77.806954,582.940018,590.220024,338173637630.8302,582650600.0,580.4055425856083
2012-11-29,590.220024,594.250023,585.249977,589.3599780000002,128674700,78.663848,589.3599780000002,586.789986,361630549022.98083,618074800.0,585.0918837379891
2012-11-30,586.789986,588.400009,582.679985,585.279991,97829900,78.11927800000002,585.279991,593.650009,379908358545.7599,647698100.0,586.5516025842285
2012-12-03,593.650009,594.590004,585.500023,586.190025,91070000,78.24074399999998,586.190025,581.800018,340356282757.32214,581123200.0,585.6869640677263
2012-12-04,581.800018,581.800018,572.129997,575.849976,139267100,76.860623,575.849976,568.910004,342583058799.91675,587057800.0,583.5593340211419
2012-12-05,568.910004,569.2499849999998,538.7699809999998,538.7900089999998,261159500,71.914105,538.7900089999998,528.9400099999998,407385012477.4624,718001200.0,567.3876484850755
2012-12-06,528.9400099999998,553.31002,518.6299740000002,547.239975,294303100,73.04195,547.239975,553.400009,492603715202.7283,883629600.0,557.4776073625513
2012-12-07,553.400009,555.1999969999998,530.000008,533.2500150000002,196760200,71.174663,533.2500150000002,525.0,540268211812.60046,982559900.0,549.8577865966242
2012-12-10,525.0,538.510002,521.5800019999998,529.819977,157621100,70.71684499999998,529.819977,539.770004,570394693812.5652,1049111000.0,543.693368778485
2012-12-11,539.770004,549.559975,537.370003,541.3900150000002,148086400,72.261136,541.3900150000002,547.769974,570370235937.2716,1057930300.0,539.1378202678112
2012-12-12,547.769974,547.999992,536.270004,539.0,121786000,71.942133,539.0,531.149994,495302760581.8362,918556800.0,539.2184354651081
2012-12-13,531.149994,537.6400219999998,525.800018,529.689987,156314900,70.699495,529.689987,514.749992,417046776844.31995,780568600.0,534.2858742259424
2012-12-14,514.749992,518.12999,505.580009,509.78998600000006,252394800,68.043375,509.78998600000006,508.929993,440792738801.3897,836203200.0,527.1359148127988
2012-12-17,508.929993,519.999992,501.230003,518.829979,189401800,69.249973,518.829979,525.0,455549263141.2372,867983900.0,524.8360748871462
2012-12-18,525.0,534.899986,520.2499849999998,533.900017,156421300,71.261421,533.900017,531.470001,458890099553.1033,876318800.0,523.6565728740537
2012-12-19,531.470001,533.700012,525.4999849999998,526.3099900000002,112342300,70.248355,526.3099900000002,530.000008,452374320342.6803,866875100.0,521.844865935912
2012-12-20,530.000008,530.200012,518.8800200000002,521.7300190000002,120422400,69.637051,521.7300190000002,512.469994,432403864033.7996,830982600.0,520.3524887690785
2012-12-21,512.469994,519.6699980000002,510.239983,519.330017,149067100,69.316715,519.330017,520.350014,381150542052.4675,727654900.0,523.8067414271072
2012-12-24,520.350014,524.250023,518.709976,520.169983,43938300,69.428828,520.169983,519.000023,305738594899.9542,582191400.0,525.151341809505
2012-12-26,519.000023,519.460007,511.12000300000005,512.999992,75609100,68.471825,512.999992,513.539978,261012727865.9193,501379200.0,520.5894617605184
2012-12-27,513.539978,516.25,504.659988,515.060013,113780100,68.746783,515.060013,510.290024,260489432861.48358,502817000.0,518.0601150348608
2012-12-28,510.290024,514.480026,508.119987,509.589981,88569600,68.01667900000001,509.589981,510.529976,242795632602.63556,470964200.0,515.5288503937996
2012-12-31,510.529976,535.400024,509.000008,532.169991,164873100,71.030509,532.169991,,253121129168.63696,486770200.0,520.0012843198638
