time,price,pchange,change,volume,amount,type
15:00:03,21.07,-3.08,0.02,232,488824,buy
14:57:00,21.05,-3.17,0.0,0,0,sell
14:56:51,21.05,-3.17,0.02,7,14735,norm
14:56:21,21.03,-3.27,-0.04,1,2103,norm
14:56:12,21.07,-3.08,0.04,48,101136,buy
14:56:06,21.03,-3.27,0.01,39,82017,buy
14:56:03,21.02,-3.31,-0.01,12,25224,sell
14:56:00,21.03,-3.27,0.0,10,21030,buy
14:55:54,21.03,-3.27,0.0,16,33648,sell
14:55:51,21.03,-3.27,-0.01,11,23133,sell
14:55:45,21.04,-3.22,0.0,18,37872,buy
14:55:39,21.04,-3.22,0.01,24,50496,buy
14:55:36,21.03,-3.27,0.0,2,4206,sell
14:55:33,21.03,-3.27,0.0,10,21030,sell
14:55:21,21.03,-3.27,0.0,6,12618,sell
14:55:18,21.03,-3.27,0.01,5,10515,norm
14:55:15,21.02,-3.31,-0.01,38,80044,sell
14:55:12,21.03,-3.27,0.01,58,121974,buy
14:55:06,21.02,-3.31,-0.01,10,21020,sell
14:55:00,21.03,-3.27,0.0,6,12618,buy
14:54:48,21.03,-3.27,0.03,43,90429,buy
14:54:36,21.0,-3.40,0.0,1,2100,sell
14:54:24,21.0,-3.40,0.0,4,8400,sell
14:54:21,21.0,-3.40,0.0,33,69300,buy
14:54:09,21.0,-3.40,-0.02,6,12600,sell
14:54:00,21.02,-3.31,-0.01,13,27326,norm
14:53:06,21.03,-3.27,0.0,1,2103,sell
14:52:54,21.03,-3.27,-0.01,3,6309,sell
14:52:45,21.04,-3.22,0.01,8,16832,norm
14:52:42,21.03,-3.27,-0.01,10,21030,sell
14:52:36,21.04,-3.22,0.0,2,4208,sell
14:52:33,21.04,-3.22,0.01,1,2104,buy
14:52:30,21.03,-3.27,-0.01,10,21030,sell
14:52:27,21.04,-3.22,0.01,9,18936,buy
14:52:21,21.03,-3.27,0.08,23,48369,buy
14:52:12,20.95,-3.63,0.0,2,4190,sell
14:52:09,20.95,-3.63,0.0,26,54470,sell
14:52:03,20.95,-3.63,0.0,12,25140,sell
14:51:57,20.95,-3.63,0.01,4,8380,buy
14:51:54,20.94,-3.68,0.0,7,14658,sell
14:51:51,20.94,-3.68,0.0,5,10470,sell
14:51:39,20.94,-3.68,0.0,1,2094,sell
14:51:33,20.94,-3.68,0.04,6,12564,buy
14:51:30,20.9,-3.86,-0.04,5,10450,sell
14:51:24,20.94,-3.68,-0.01,9,18846,norm
14:51:21,20.95,-3.63,0.0,15,31425,sell
14:51:18,20.95,-3.63,0.0,4,8380,sell
14:51:06,20.95,-3.63,0.0,6,12570,buy
14:50:57,20.95,-3.63,0.0,1,2095,norm
14:50:57,20.95,-3.63,-0.01,1,2095,sell
14:50:42,20.96,-3.59,-0.01,30,62880,buy
14:50:24,20.97,-3.54,0.0,1,2097,sell
14:50:06,20.97,-3.54,-0.01,2,4194,sell
14:50:03,20.98,-3.50,0.0,4,8392,sell
14:49:54,20.98,-3.50,-0.01,1,2098,sell
14:49:39,20.99,-3.45,-0.01,6,12594,sell
14:49:33,21.0,-3.40,-0.04,13,27300,sell
14:49:30,21.04,-3.22,0.0,1,2104,buy
14:49:18,21.04,-3.22,0.0,2,4208,buy
14:49:12,21.04,-3.22,0.0,16,33664,sell
14:49:00,21.04,-3.22,-0.01,3,6312,sell
14:48:57,21.05,-3.17,0.01,3,6315,buy
14:48:54,21.04,-3.22,0.0,9,18936,sell
14:48:45,21.04,-3.22,0.0,23,48392,sell
14:48:42,21.04,-3.22,0.0,13,27352,sell
14:48:39,21.04,-3.22,0.0,20,42080,sell
14:48:15,21.04,-3.22,0.0,2,4208,sell
14:48:00,21.04,-3.22,-0.02,4,8416,sell
14:47:21,21.06,-3.13,0.0,15,31590,sell
14:47:03,21.06,-3.13,0.02,9,18954,buy
14:46:48,21.04,-3.22,-0.02,7,14728,norm
14:46:09,21.06,-3.13,0.03,1,2106,buy
14:46:06,21.03,-3.27,0.0,2,4206,sell
14:45:57,21.03,-3.27,0.0,3,6309,sell
14:45:51,21.03,-3.27,0.0,8,16824,sell
14:45:39,21.03,-3.27,0.01,5,10515,norm
14:45:06,21.02,-3.31,-0.05,10,21020,sell
14:44:54,21.07,-3.08,0.05,1,2107,buy
14:44:30,21.02,-3.31,-0.06,2,4204,sell
14:44:12,21.08,-3.04,0.0,1,2108,buy
14:43:57,21.08,-3.04,0.0,10,21080,buy
14:43:06,21.08,-3.04,0.03,11,24980,buy
14:43:03,21.05,-3.17,0.0,3,6315,sell
14:42:54,21.05,-3.17,0.0,1,2105,sell
14:42:51,21.05,-3.17,0.0,10,21050,sell
14:42:45,21.05,-3.17,0.0,4,8420,sell
14:42:33,21.05,-3.17,0.0,1,2105,sell
14:42:27,21.05,-3.17,-0.03,10,21050,sell
14:42:15,21.08,-3.04,0.03,1,2108,buy
14:42:12,21.05,-3.17,0.0,2,4210,sell
14:42:06,21.05,-3.17,0.0,0,316,buy
14:41:51,21.05,-3.17,0.0,14,31259,norm
14:41:51,21.05,-3.17,-0.03,14,31259,sell
14:41:42,21.08,-3.04,-0.01,8,16864,sell
14:41:36,21.09,-2.99,0.0,14,29526,sell
14:41:18,21.09,-2.99,-0.01,10,21090,sell
14:41:15,21.1,-2.94,0.01,10,21100,buy
14:41:12,21.09,-2.99,-0.01,8,16872,sell
14:41:06,21.1,-2.94,0.01,4,8440,buy
14:41:03,21.09,-2.99,0.0,4,8436,sell
14:41:00,21.09,-2.99,0.0,4,8436,buy
14:40:42,21.09,-2.99,0.01,10,21090,buy
14:40:18,21.08,-3.04,0.01,12,25296,buy
14:40:06,21.07,-3.08,-0.01,2,4214,norm
14:40:00,21.08,-3.04,0.03,17,35836,buy
14:39:24,21.05,-3.17,0.01,13,27681,buy
14:39:15,21.04,-3.22,-0.01,3,6312,sell
14:39:12,21.05,-3.17,0.0,0,1789,sell
14:39:09,21.05,-3.17,0.0,0,316,buy
14:39:06,21.05,-3.17,0.0,6,12630,buy
14:38:54,21.05,-3.17,0.0,10,21050,buy
14:38:30,21.05,-3.17,0.01,8,16840,buy
14:38:06,21.04,-3.22,-0.01,4,8416,norm
14:37:51,21.05,-3.17,0.01,20,42100,buy
14:37:45,21.04,-3.22,0.0,5,10520,sell
14:37:42,21.04,-3.22,0.02,1,2104,buy
14:37:30,21.02,-3.31,0.0,17,35734,sell
14:37:21,21.02,-3.31,0.01,10,21020,buy
14:37:06,21.01,-3.36,0.0,2,4202,buy
14:37:03,21.01,-3.36,0.01,1,2101,buy
14:36:51,21.0,-3.40,-0.01,4,8400,norm
14:36:30,21.01,-3.36,0.0,2,4202,buy
14:36:21,21.01,-3.36,-0.01,5,10505,norm
14:36:06,21.02,-3.31,0.03,4,8408,buy
14:35:48,20.99,-3.45,0.0,45,94455,sell
14:35:21,20.99,-3.45,-0.03,50,104950,sell
14:35:12,21.02,-3.31,0.01,14,29428,buy
14:35:06,21.01,-3.36,0.01,4,8404,buy
14:34:57,21.0,-3.40,0.01,1,2100,buy
14:34:51,20.99,-3.45,-0.01,3,6297,sell
14:34:45,21.0,-3.40,0.01,2,4200,buy
14:34:42,20.99,-3.45,-0.01,1,2099,sell
14:34:36,21.0,-3.40,0.0,2,4200,norm
14:34:18,21.0,-3.40,0.02,1,2100,norm
14:34:12,20.98,-3.50,0.0,4,8392,sell
14:34:09,20.98,-3.50,-0.05,1,2098,sell
14:34:06,21.03,-3.27,0.05,4,8412,buy
14:34:00,20.98,-3.50,-0.02,8,16784,sell
14:33:51,21.0,-3.40,0.0,1,2100,buy
14:33:09,21.0,-3.40,0.0,4,8400,buy
14:33:06,21.0,-3.40,0.0,2,4200,buy
14:33:03,21.0,-3.40,0.0,1,2100,buy
14:32:54,21.0,-3.40,0.0,12,25200,sell
14:32:42,21.0,-3.40,0.0,2,4200,norm
14:32:42,21.0,-3.40,0.0,2,4200,sell
14:32:39,21.0,-3.40,0.01,24,50400,buy
14:32:27,20.99,-3.45,-0.01,4,8396,sell
14:32:24,21.0,-3.40,-0.01,10,21000,sell
14:32:18,21.01,-3.36,0.0,2,4202,sell
14:32:12,21.01,-3.36,-0.01,2,4202,sell
14:32:09,21.02,-3.31,-0.01,4,8408,norm
14:31:51,21.03,-3.27,0.0,18,37854,sell
14:31:48,21.03,-3.27,0.0,4,8412,sell
14:31:45,21.03,-3.27,0.0,2,4206,sell
14:31:30,21.03,-3.27,0.0,100,210300,sell
14:31:24,21.03,-3.27,0.0,10,21030,sell
14:31:21,21.03,-3.27,-0.01,20,42060,sell
14:31:18,21.04,-3.22,0.0,5,10520,sell
14:31:15,21.04,-3.22,-0.01,68,143072,sell
14:31:06,21.05,-3.17,0.0,44,94409,sell
14:30:48,21.05,-3.17,0.0,5,10525,sell
14:30:45,21.05,-3.17,0.01,35,73991,buy
14:30:33,21.04,-3.22,-0.01,32,67328,sell
14:30:21,21.05,-3.17,0.0,5,12314,sell
14:30:18,21.05,-3.17,-0.01,4,8420,sell
14:30:12,21.06,-3.13,0.0,6,12636,sell
14:30:06,21.06,-3.13,0.0,3,6318,norm
14:29:48,21.06,-3.13,-0.01,1,2106,norm
14:29:27,21.07,-3.08,0.0,1,2107,sell
14:29:21,21.07,-3.08,-0.01,11,23177,sell
14:29:06,21.08,-3.04,0.01,4,8432,buy
14:29:03,21.07,-3.08,0.02,8,16856,buy
14:28:33,21.05,-3.17,0.0,3,6315,sell
14:28:30,21.05,-3.17,-0.02,20,42100,sell
14:28:21,21.07,-3.08,-0.01,2,4214,sell
14:28:18,21.08,-3.04,0.01,2,4216,buy
14:28:06,21.07,-3.08,-0.01,2,4214,norm
14:27:48,21.08,-3.04,0.03,9,18972,buy
14:27:39,21.05,-3.17,-0.01,25,52625,sell
14:27:30,21.06,-3.13,-0.02,10,21060,sell
14:27:18,21.08,-3.04,0.0,3,6324,sell
14:27:12,21.08,-3.04,-0.01,1,2108,sell
14:27:09,21.09,-2.99,0.0,10,21090,buy
14:27:06,21.09,-2.99,0.0,16,33744,buy
14:27:03,21.09,-2.99,0.0,2,4218,buy
14:26:51,21.09,-2.99,0.0,16,33744,buy
14:26:39,21.09,-2.99,0.0,12,25308,buy
14:26:06,21.09,-2.99,0.0,4,8436,buy
14:26:03,21.09,-2.99,0.01,2,4218,buy
14:25:54,21.08,-3.04,0.0,0,316,sell
14:25:18,21.08,-3.04,0.0,2,4216,buy
14:25:06,21.08,-3.04,0.0,17,35836,buy
14:25:03,21.08,-3.04,-0.01,23,48484,sell
14:24:51,21.09,-2.99,0.01,1,2109,buy
14:24:39,21.08,-3.04,0.0,12,25296,sell
14:24:24,21.08,-3.04,-0.01,2,4216,sell
14:24:21,21.09,-2.99,0.0,9,18981,buy
14:24:06,21.09,-2.99,0.0,4,8436,buy
14:24:00,21.09,-2.99,0.01,5,10545,buy
14:23:51,21.08,-3.04,0.02,25,52700,buy
14:23:39,21.06,-3.13,0.0,1,2106,norm
14:23:39,21.06,-3.13,-0.02,1,2106,sell
14:23:09,21.08,-3.04,0.0,3,6324,sell
14:23:06,21.08,-3.04,0.0,1,2108,buy
14:22:57,21.08,-3.04,-0.02,1,2108,sell
14:22:54,21.1,-2.94,0.01,9,18990,buy
14:22:30,21.09,-2.99,0.0,1,2109,sell
14:22:27,21.09,-2.99,-0.01,1,2109,sell
14:22:06,21.1,-2.94,0.0,6,12660,buy
14:22:00,21.1,-2.94,0.0,5,10550,buy
14:21:57,21.1,-2.94,0.0,2,4220,buy
14:21:54,21.1,-2.94,0.0,6,12660,buy
14:21:45,21.1,-2.94,0.0,5,10550,buy
14:21:30,21.1,-2.94,0.01,26,54860,buy
14:21:18,21.09,-2.99,0.0,5,10545,buy
14:21:06,21.09,-2.99,0.01,34,71706,buy
14:20:48,21.08,-3.04,0.0,10,21080,buy
14:20:45,21.08,-3.04,0.0,5,10540,buy
14:20:18,21.08,-3.04,0.02,1,2108,norm
14:20:15,21.06,-3.13,-0.03,1,2106,sell
14:20:06,21.09,-2.99,0.03,4,8436,buy
14:19:42,21.06,-3.13,0.0,3,6318,sell
14:19:36,21.06,-3.13,-0.03,1,2106,sell
14:19:33,21.09,-2.99,0.02,43,90687,buy
14:19:24,21.07,-3.08,0.0,2,4214,sell
14:19:06,21.07,-3.08,0.01,2,4214,buy
14:19:00,21.06,-3.13,0.02,4,8424,buy
14:18:45,21.04,-3.22,0.0,1,2104,sell
14:18:27,21.04,-3.22,0.0,2,4208,buy
14:18:24,21.04,-3.22,0.0,2,4208,buy
14:18:18,21.04,-3.22,0.01,3,6312,buy
14:18:06,21.03,-3.27,0.03,32,67296,buy
14:17:48,21.0,-3.40,0.0,1,2100,buy
14:17:33,21.0,-3.40,0.0,2,4200,buy
14:17:18,21.0,-3.40,0.0,4,8400,buy
14:17:06,21.0,-3.40,0.01,6,12600,buy
14:16:42,20.99,-3.45,0.01,145,304355,buy
14:16:27,20.98,-3.50,0.01,1,2098,norm
14:16:18,20.97,-3.54,-0.02,6,12582,sell
14:16:12,20.99,-3.45,0.0,31,65069,buy
14:16:06,20.99,-3.45,0.02,4,8396,buy
14:15:42,20.97,-3.54,0.01,22,46134,buy
14:15:24,20.96,-3.59,0.0,66,138336,buy
14:15:06,20.96,-3.59,0.0,4,8384,buy
14:14:48,20.96,-3.59,0.01,3,6288,buy
14:14:24,20.95,-3.63,0.0,1,2095,norm
14:14:24,20.95,-3.63,0.0,1,2095,sell
14:14:09,20.95,-3.63,-0.01,2,4190,sell
14:14:06,20.96,-3.59,0.01,4,8384,buy
14:13:54,20.95,-3.63,0.0,2,4190,buy
14:13:06,20.95,-3.63,0.0,4,8380,buy
14:13:03,20.95,-3.63,0.0,3,6285,buy
14:12:30,20.95,-3.63,0.0,7,14665,sell
14:12:24,20.95,-3.63,0.0,1,2095,sell
14:12:18,20.95,-3.63,-0.01,5,10475,sell
14:12:06,20.96,-3.59,0.0,4,8384,buy
14:11:51,20.96,-3.59,0.0,1,2096,norm
14:11:42,20.96,-3.59,0.0,1,2096,sell
14:11:33,20.96,-3.59,0.0,1,2096,sell
14:11:21,20.96,-3.59,-0.01,28,58688,sell
14:11:15,20.97,-3.54,0.0,18,37746,sell
14:11:09,20.97,-3.54,-0.01,1,2097,sell
14:11:06,20.98,-3.50,0.01,4,8392,buy
14:11:03,20.97,-3.54,-0.02,15,31455,sell
14:10:51,20.99,-3.45,-0.01,10,20990,sell
14:10:42,21.0,-3.40,0.0,1,2100,buy
14:10:36,21.0,-3.40,0.0,10,21000,sell
14:10:09,21.0,-3.40,-0.01,52,110838,sell
14:10:06,21.01,-3.36,0.0,4,8404,buy
14:10:03,21.01,-3.36,-0.02,14,29414,sell
14:10:00,21.03,-3.27,0.0,4,8412,buy
14:09:54,21.03,-3.27,-0.01,5,10515,sell
14:09:48,21.04,-3.22,-0.02,13,27352,sell
14:09:42,21.06,-3.13,0.01,10,21060,buy
14:09:39,21.05,-3.17,0.0,22,46310,sell
14:09:33,21.05,-3.17,-0.01,11,23155,sell
14:09:12,21.06,-3.13,-0.01,4,8424,sell
14:09:06,21.07,-3.08,0.01,12,25284,buy
14:09:03,21.06,-3.13,0.0,2,4212,sell
14:09:00,21.06,-3.13,0.0,10,21060,sell
14:08:57,21.06,-3.13,0.0,1,2106,sell
14:08:51,21.06,-3.13,0.0,17,35802,sell
14:08:30,21.06,-3.13,0.0,5,10530,sell
14:08:21,21.06,-3.13,0.0,5,10530,sell
14:08:12,21.06,-3.13,0.0,1,2106,sell
14:08:09,21.06,-3.13,-0.01,8,16848,sell
14:08:06,21.07,-3.08,0.01,4,8428,buy
14:07:51,21.06,-3.13,-0.02,14,29484,sell
14:07:27,21.08,-3.04,0.0,4,8432,buy
14:07:15,21.08,-3.04,0.02,10,21080,buy
14:07:09,21.06,-3.13,-0.01,5,10530,sell
14:07:06,21.07,-3.08,0.0,3,6321,norm
14:06:54,21.07,-3.08,-0.01,2,4214,buy
14:06:42,21.08,-3.04,0.01,77,162316,buy
14:06:39,21.07,-3.08,0.0,12,25284,sell
14:06:24,21.07,-3.08,-0.01,1,2107,sell
14:06:18,21.08,-3.04,0.01,5,10540,buy
14:06:15,21.07,-3.08,-0.01,2,4214,sell
14:06:12,21.08,-3.04,0.0,5,10540,buy
14:06:06,21.08,-3.04,0.0,5,10540,buy
14:05:57,21.08,-3.04,0.0,5,10540,buy
14:05:45,21.08,-3.04,0.01,10,21080,buy
14:05:42,21.07,-3.08,0.0,1,2107,sell
14:05:39,21.07,-3.08,0.0,1,2107,buy
14:05:36,21.07,-3.08,0.0,1,2107,buy
14:05:36,21.07,-3.08,0.0,1,2107,norm
14:05:36,21.07,-3.08,0.0,1,2107,buy
14:05:21,21.07,-3.08,0.0,5,10535,buy
14:05:09,21.07,-3.08,0.0,22,46354,buy
14:05:06,21.07,-3.08,0.0,4,8428,buy
14:04:54,21.07,-3.08,0.03,3,6321,norm
14:04:42,21.04,-3.22,0.0,4,8416,buy
14:04:39,21.04,-3.22,0.01,2,4208,buy
14:04:27,21.03,-3.27,0.01,6,12618,buy
14:04:18,21.02,-3.31,-0.01,13,27326,sell
14:04:09,21.03,-3.27,0.01,33,69399,buy
14:04:06,21.02,-3.31,-0.01,10,21020,sell
14:04:03,21.03,-3.27,0.01,86,180858,buy
14:03:54,21.02,-3.31,0.02,3,6306,buy
14:03:39,21.0,-3.40,0.01,27,56700,buy
14:03:36,20.99,-3.45,0.01,4,8396,buy
14:03:21,20.98,-3.50,0.0,0,1070,buy
14:03:18,20.98,-3.50,0.0,3,6294,buy
14:03:06,20.98,-3.50,0.02,4,8392,buy
14:02:36,20.96,-3.59,0.0,3,6288,buy
14:02:30,20.96,-3.59,0.0,3,6288,buy
14:02:06,20.96,-3.59,0.02,4,8384,buy
14:01:57,20.94,-3.68,-0.01,1,2094,sell
14:01:54,20.95,-3.63,0.0,5,10475,buy
14:01:51,20.95,-3.63,0.0,17,35615,buy
14:01:48,20.95,-3.63,0.0,13,27235,buy
14:01:15,20.95,-3.63,0.01,70,146650,buy
14:01:12,20.94,-3.68,0.0,4,8376,buy
14:01:06,20.94,-3.68,0.0,4,8376,buy
14:00:48,20.94,-3.68,0.0,10,20940,buy
14:00:39,20.94,-3.68,0.0,1,2094,buy
14:00:33,20.94,-3.68,0.0,5,10470,buy
14:00:27,20.94,-3.68,0.0,9,18846,sell
14:00:21,20.94,-3.68,-0.01,1,2094,sell
14:00:06,20.95,-3.63,0.01,4,8380,buy
14:00:00,20.94,-3.68,0.01,92,192648,buy
13:59:51,20.93,-3.73,0.0,8,16744,sell
13:59:39,20.93,-3.73,0.0,2,4186,sell
13:59:30,20.93,-3.73,0.0,9,18837,buy
13:59:21,20.93,-3.73,0.0,4,8372,sell
13:59:12,20.93,-3.73,-0.01,1,2093,sell
13:59:06,20.94,-3.68,0.04,4,8376,buy
13:59:00,20.9,-3.86,-0.03,10,20900,sell
13:58:51,20.93,-3.73,0.03,20,41860,buy
13:58:36,20.9,-3.86,0.0,1,2090,sell
13:58:09,20.9,-3.86,-0.04,1,2090,sell
13:58:06,20.94,-3.68,0.0,4,8376,buy
13:57:45,20.94,-3.68,0.04,1,2094,buy
13:57:33,20.9,-3.86,-0.04,60,125400,sell
13:56:57,20.94,-3.68,0.02,5,10470,buy
13:56:48,20.92,-3.77,0.0,10,20920,buy
13:56:45,20.92,-3.77,0.01,20,41840,buy
13:56:42,20.91,-3.82,0.0,13,27183,buy
13:56:27,20.91,-3.82,0.0,7,14637,norm
13:56:27,20.91,-3.82,0.0,7,14637,sell
13:56:21,20.91,-3.82,0.0,1,2091,sell
13:55:57,20.91,-3.82,-0.01,1,2091,sell
13:55:48,20.92,-3.77,0.01,2,4184,buy
13:55:36,20.91,-3.82,0.01,1,2091,norm
13:55:03,20.9,-3.86,-0.02,20,41800,sell
13:54:54,20.92,-3.77,0.0,22,46024,buy
13:54:51,20.92,-3.77,0.01,10,20920,buy
13:54:09,20.91,-3.82,0.0,1,2091,sell
13:54:06,20.91,-3.82,0.01,31,64821,buy
13:54:03,20.9,-3.86,0.0,3,6270,sell
13:53:39,20.9,-3.86,0.0,1,2090,sell
13:53:24,20.9,-3.86,-0.01,4,8360,sell
13:53:09,20.91,-3.82,0.0,24,50184,sell
13:53:06,20.91,-3.82,0.0,19,39729,buy
13:53:00,20.91,-3.82,0.0,1,2091,sell
13:52:54,20.91,-3.82,-0.01,2,4182,sell
13:52:51,20.92,-3.77,0.0,1,2092,buy
13:52:45,20.92,-3.77,0.01,1,2092,buy
13:52:18,20.91,-3.82,0.0,2,4182,norm
13:52:03,20.91,-3.82,0.0,6,12546,sell
13:51:51,20.91,-3.82,0.0,1,2091,sell
13:51:42,20.91,-3.82,-0.02,1,2091,sell
13:51:27,20.93,-3.73,0.02,6,12558,buy
13:51:21,20.91,-3.82,-0.02,4,8364,sell
13:50:48,20.93,-3.73,0.02,16,33488,buy
13:50:36,20.91,-3.82,-0.02,1,2091,norm
13:49:48,20.93,-3.73,0.0,1,2093,buy
13:48:24,20.93,-3.73,0.05,1,2093,buy
13:48:21,20.88,-3.96,-0.03,5,10440,sell
13:48:18,20.91,-3.82,0.03,1,2091,norm
13:47:36,20.88,-3.96,0.0,7,14616,buy
13:47:30,20.88,-3.96,0.0,12,25056,buy
13:47:24,20.88,-3.96,0.0,6,12528,norm
13:47:24,20.88,-3.96,-0.01,6,12528,sell
13:46:54,20.89,-3.91,0.01,24,50136,buy
13:46:12,20.88,-3.96,-0.01,5,10440,norm
13:45:12,20.89,-3.91,0.02,1,2089,buy
13:45:06,20.87,-4.00,0.0,3,6261,sell
13:44:57,20.87,-4.00,-0.02,4,8348,norm
13:44:24,20.89,-3.91,-0.01,6,12534,sell
13:44:15,20.9,-3.86,-0.03,3,6270,sell
13:43:33,20.93,-3.73,0.0,11,23023,sell
13:43:21,20.93,-3.73,0.0,24,50232,buy
13:43:12,20.93,-3.73,0.0,5,10465,sell
13:42:21,20.93,-3.73,-0.02,1,2093,sell
13:42:09,20.95,-3.63,-0.03,21,43995,sell
13:41:57,20.98,-3.50,-0.01,4,8392,sell
13:41:39,20.99,-3.45,0.0,2,4198,sell
13:41:30,20.99,-3.45,0.0,1,2099,sell
13:41:21,20.99,-3.45,0.0,16,33584,buy
13:41:00,20.99,-3.45,-0.01,3,6297,norm
13:40:54,21.0,-3.40,0.0,5,10500,buy
13:40:39,21.0,-3.40,0.01,1,2100,buy
13:40:36,20.99,-3.45,0.0,13,27287,sell
13:40:30,20.99,-3.45,-0.01,2,4198,sell
13:40:27,21.0,-3.40,0.0,1,2100,buy
13:40:15,21.0,-3.40,0.0,2,4200,buy
13:40:09,21.0,-3.40,0.0,2,4200,buy
13:39:51,21.0,-3.40,0.0,1,2100,buy
13:39:42,21.0,-3.40,0.0,14,29400,sell
13:39:36,21.0,-3.40,-0.01,6,12600,sell
13:39:30,21.01,-3.36,0.0,4,8404,sell
13:39:18,21.01,-3.36,-0.01,12,25212,norm
13:39:06,21.02,-3.31,0.0,3,6306,buy
13:39:03,21.02,-3.31,-0.01,18,37836,sell
13:38:54,21.03,-3.27,0.0,12,25236,sell
13:38:33,21.03,-3.27,0.0,8,16824,buy
13:38:21,21.03,-3.27,0.0,9,18927,norm
13:38:21,21.03,-3.27,0.0,9,18927,buy
13:38:06,21.03,-3.27,-0.01,6,12618,sell
13:38:00,21.04,-3.22,0.01,8,16832,buy
13:37:51,21.03,-3.27,0.0,2,4206,sell
13:37:48,21.03,-3.27,-0.01,10,21030,sell
13:37:45,21.04,-3.22,0.0,1,2104,buy
13:37:42,21.04,-3.22,0.02,3,6312,buy
13:37:33,21.02,-3.31,-0.02,5,10510,sell
13:37:24,21.04,-3.22,0.0,5,10520,buy
13:37:21,21.04,-3.22,0.02,25,52600,buy
13:37:15,21.02,-3.31,-0.02,1,2102,sell
13:37:09,21.04,-3.22,0.02,48,100992,buy
13:37:06,21.02,-3.31,-0.02,11,23122,sell
13:37:00,21.04,-3.22,0.01,14,29456,buy
13:36:54,21.03,-3.27,0.0,10,21030,buy
13:36:42,21.03,-3.27,0.03,19,39957,buy
13:36:30,21.0,-3.40,0.0,3,6300,sell
13:36:24,21.0,-3.40,0.0,13,27300,buy
13:36:12,21.0,-3.40,0.01,15,31500,buy
13:36:06,20.99,-3.45,-0.01,5,10495,sell
13:35:33,21.0,-3.40,-0.01,3,6300,buy
13:35:24,21.01,-3.36,0.0,6,12606,sell
13:35:21,21.01,-3.36,0.02,27,56727,buy
13:35:06,20.99,-3.45,-0.02,1,2099,norm
13:34:48,21.01,-3.36,0.02,10,21010,buy
13:34:42,20.99,-3.45,-0.01,6,12594,sell
13:34:18,21.0,-3.40,0.0,4,8400,sell
13:34:12,21.0,-3.40,0.0,17,35700,sell
13:34:09,21.0,-3.40,-0.01,2,4200,sell
13:34:00,21.01,-3.36,-0.01,39,81939,sell
13:33:57,21.02,-3.31,0.0,6,12612,buy
13:33:33,21.02,-3.31,0.0,20,42040,buy
13:33:27,21.02,-3.31,-0.01,10,21020,buy
13:33:15,21.03,-3.27,0.01,10,21030,buy
13:33:09,21.02,-3.31,0.0,4,8408,buy
13:33:06,21.02,-3.31,0.0,5,10510,buy
13:33:03,21.02,-3.31,0.0,1,2102,buy
13:33:00,21.02,-3.31,-0.02,3,6306,buy
13:32:48,21.04,-3.22,0.0,143,300872,buy
13:32:42,21.04,-3.22,0.04,105,220920,buy
13:32:39,21.0,-3.40,0.0,14,29400,buy
13:32:30,21.0,-3.40,0.02,123,258300,buy
13:32:27,20.98,-3.50,-0.01,8,16784,sell
13:32:24,20.99,-3.45,0.0,7,14693,buy
13:32:18,20.99,-3.45,0.01,26,54574,buy
13:32:15,20.98,-3.50,-0.01,31,65038,sell
13:32:06,20.99,-3.45,0.0,12,25188,buy
13:32:03,20.99,-3.45,0.01,10,20990,buy
13:31:54,20.98,-3.50,0.03,19,39862,buy
13:31:36,20.95,-3.63,0.0,2,4190,buy
13:31:21,20.95,-3.63,0.0,5,10475,buy
13:31:12,20.95,-3.63,0.0,5,10475,sell
13:31:06,20.95,-3.63,0.0,10,20950,sell
13:31:03,20.95,-3.63,0.0,1,2095,buy
13:30:48,20.95,-3.63,0.0,4,8380,buy
13:30:45,20.95,-3.63,0.0,1,2095,buy
13:30:21,20.95,-3.63,0.01,12,25140,buy
13:30:12,20.94,-3.68,0.03,5,10470,buy
13:30:06,20.91,-3.82,0.0,10,20910,sell
13:30:03,20.91,-3.82,0.0,30,62730,sell
13:29:27,20.91,-3.82,0.0,2,4182,sell
13:29:18,20.91,-3.82,0.0,13,27183,sell
13:29:18,20.91,-3.82,0.0,13,27183,norm
13:29:18,20.91,-3.82,0.0,13,27183,buy
13:28:51,20.91,-3.82,0.05,18,37638,buy
13:28:33,20.86,-4.05,0.0,14,29204,sell
13:28:30,20.86,-4.05,0.01,2,4172,norm
13:27:45,20.85,-4.09,0.0,19,39615,sell
13:27:36,20.85,-4.09,-0.05,4,8340,sell
13:27:18,20.9,-3.86,0.0,3,6270,buy
13:27:15,20.9,-3.86,0.0,10,20900,buy
13:27:00,20.9,-3.86,0.0,1,2090,sell
13:26:54,20.9,-3.86,0.0,3,6270,norm
13:26:33,20.9,-3.86,0.0,20,41800,sell
13:26:18,20.9,-3.86,-0.01,10,20900,sell
13:26:06,20.91,-3.82,-0.04,3,6273,sell
13:25:54,20.95,-3.63,0.0,10,20950,buy
13:25:42,20.95,-3.63,0.0,17,35615,buy
13:25:39,20.95,-3.63,0.0,3,6285,buy
13:25:27,20.95,-3.63,0.04,2,4190,buy
13:25:24,20.91,-3.82,-0.01,3,6273,sell
13:25:21,20.92,-3.77,-0.03,13,27196,sell
13:25:18,20.95,-3.63,0.0,11,23045,buy
13:25:15,20.95,-3.63,0.0,5,10475,buy
13:25:09,20.95,-3.63,0.01,5,10475,buy
13:25:06,20.94,-3.68,-0.01,1,2094,norm
13:25:03,20.95,-3.63,0.0,5,10475,buy
13:24:54,20.95,-3.63,0.04,4,8380,buy
13:24:51,20.91,-3.82,0.0,2,4182,norm
13:24:48,20.91,-3.82,0.0,2,4182,buy
13:24:39,20.91,-3.82,0.01,8,16728,buy
13:24:36,20.9,-3.86,0.02,31,64790,buy
13:24:33,20.88,-3.96,-0.01,40,83520,sell
13:24:30,20.89,-3.91,0.0,17,35513,sell
13:24:24,20.89,-3.91,0.02,23,48047,buy
13:24:12,20.87,-4.00,0.03,27,56349,buy
13:24:06,20.84,-4.14,0.0,1,2084,sell
13:23:51,20.84,-4.14,0.03,4,8336,buy
13:23:42,20.81,-4.28,0.0,1,2081,buy
13:23:36,20.81,-4.28,0.0,11,22891,buy
13:23:30,20.81,-4.28,0.0,6,12486,buy
13:23:27,20.81,-4.28,0.0,12,24972,sell
13:23:21,20.81,-4.28,0.0,5,10405,sell
13:23:15,20.81,-4.28,0.0,49,101969,sell
13:22:27,20.81,-4.28,0.01,10,20810,buy
13:22:21,20.8,-4.32,-0.02,1,2080,norm
13:22:12,20.82,-4.23,0.02,24,49968,buy
13:22:09,20.8,-4.32,-0.01,25,52000,buy
13:21:39,20.81,-4.28,0.0,3,6243,buy
13:21:36,20.81,-4.28,0.01,1,2081,buy
13:21:33,20.8,-4.32,-0.01,2,4160,sell
13:21:24,20.81,-4.28,0.01,29,60349,buy
13:21:21,20.8,-4.32,0.06,1,2080,buy
13:21:03,20.74,-4.60,-0.03,1,2074,sell
13:20:57,20.77,-4.46,0.0,28,58156,buy
13:20:51,20.77,-4.46,0.0,2,4154,buy
13:20:48,20.77,-4.46,0.0,29,60233,sell
13:20:42,20.77,-4.46,-0.01,29,60233,sell
13:20:36,20.78,-4.42,-0.02,1,2078,norm
13:20:27,20.8,-4.32,0.0,1,2080,buy
13:20:24,20.8,-4.32,0.02,8,16640,buy
13:20:18,20.78,-4.42,0.04,192,398976,buy
13:20:15,20.74,-4.60,0.01,3,6222,buy
13:20:12,20.73,-4.65,0.0,6,12438,norm
13:20:12,20.73,-4.65,0.03,6,12438,buy
13:19:54,20.7,-4.78,-0.03,2,4140,sell
13:19:48,20.73,-4.65,0.02,7,14511,buy
13:19:42,20.71,-4.74,0.0,5,10355,buy
13:19:39,20.71,-4.74,0.0,2,4142,buy
13:19:36,20.71,-4.74,0.0,3,6213,buy
13:19:33,20.71,-4.74,0.0,6,12426,buy
13:19:27,20.71,-4.74,0.0,1,2071,buy
13:19:24,20.71,-4.74,0.01,6,12426,buy
13:19:12,20.7,-4.78,0.0,18,37260,buy
13:19:06,20.7,-4.78,0.02,5,10350,buy
13:19:03,20.68,-4.88,0.0,1,2068,sell
13:18:51,20.68,-4.88,0.03,147,303996,buy
13:18:42,20.65,-5.01,0.0,8,16520,buy
13:18:39,20.65,-5.01,0.01,10,20650,buy
13:18:27,20.64,-5.06,0.0,1,2064,sell
13:18:09,20.64,-5.06,0.0,1,2064,sell
13:18:06,20.64,-5.06,0.0,10,20640,sell
13:17:57,20.64,-5.06,-0.01,1,2064,sell
13:17:51,20.65,-5.01,0.01,11,22715,buy
13:17:48,20.64,-5.06,-0.01,2,4128,sell
13:17:36,20.65,-5.01,0.01,5,10325,buy
13:17:33,20.64,-5.06,0.0,1,2064,buy
13:17:21,20.64,-5.06,-0.01,1,2064,norm
13:16:54,20.65,-5.01,0.01,4,8260,buy
13:16:51,20.64,-5.06,0.0,8,16512,sell
13:16:42,20.64,-5.06,0.0,3,6192,sell
13:16:36,20.64,-5.06,0.0,1,2064,sell
13:16:33,20.64,-5.06,0.0,36,74304,sell
13:16:24,20.64,-5.06,-0.01,2,4128,sell
13:16:18,20.65,-5.01,0.0,25,51625,sell
13:16:06,20.65,-5.01,0.0,3,6195,sell
13:16:00,20.65,-5.01,0.0,1,2065,sell
13:15:54,20.65,-5.01,-0.01,31,64015,sell
13:15:45,20.66,-4.97,-0.01,1,2066,norm
13:15:18,20.67,-4.92,0.02,4,8268,buy
13:15:12,20.65,-5.01,0.0,20,41300,sell
13:15:06,20.65,-5.01,0.0,1,2065,sell
13:14:42,20.65,-5.01,-0.02,10,20650,sell
13:14:30,20.67,-4.92,0.0,7,14469,sell
13:14:27,20.67,-4.92,0.0,6,12402,sell
13:14:24,20.67,-4.92,0.0,21,43407,sell
13:14:00,20.67,-4.92,0.0,1,2067,sell
13:13:48,20.67,-4.92,-0.01,2,4134,sell
13:13:42,20.68,-4.88,0.01,18,37224,buy
13:13:33,20.67,-4.92,-0.01,1,2067,sell
13:13:30,20.68,-4.88,0.01,11,22748,buy
13:13:27,20.67,-4.92,0.0,1,2067,sell
13:12:51,20.67,-4.92,-0.01,1,2067,sell
13:12:45,20.68,-4.88,0.01,8,16544,buy
13:12:00,20.67,-4.92,-0.01,1,2067,sell
13:11:54,20.68,-4.88,-0.01,17,35156,sell
13:11:33,20.69,-4.83,-0.01,4,8276,sell
13:11:24,20.7,-4.78,0.01,6,12420,buy
13:11:12,20.69,-4.83,0.01,2,4138,norm
13:10:51,20.68,-4.88,0.0,1,2068,norm
13:10:51,20.68,-4.88,-0.02,1,2068,sell
13:10:45,20.7,-4.78,0.0,2,4140,buy
13:10:36,20.7,-4.78,0.02,3,6210,buy
13:10:27,20.68,-4.88,-0.02,1,2068,sell
13:10:03,20.7,-4.78,0.02,5,10350,buy
13:09:51,20.68,-4.88,-0.02,1,2068,sell
13:09:42,20.7,-4.78,0.02,1,2070,buy
13:09:39,20.68,-4.88,0.0,10,20680,sell
13:09:33,20.68,-4.88,0.0,1,2068,sell
13:09:27,20.68,-4.88,0.01,2,4136,norm
13:08:54,20.67,-4.92,0.01,8,16536,buy
13:08:51,20.66,-4.97,0.0,6,12396,buy
13:08:48,20.66,-4.97,0.0,2,4132,sell
13:08:30,20.66,-4.97,-0.01,1,2066,sell
13:08:03,20.67,-4.92,-0.01,1,2067,sell
13:08:00,20.68,-4.88,0.01,6,12408,buy
13:07:54,20.67,-4.92,-0.01,1,2067,sell
13:07:27,20.68,-4.88,0.0,2,4136,buy
13:07:15,20.68,-4.88,0.0,12,24816,buy
13:07:06,20.68,-4.88,0.0,6,12408,sell
13:07:03,20.68,-4.88,0.0,1,2068,sell
13:06:57,20.68,-4.88,0.0,2,4136,buy
13:06:48,20.68,-4.88,0.0,9,18612,sell
13:06:24,20.68,-4.88,0.01,16,33088,buy
13:06:18,20.67,-4.92,0.0,3,6201,sell
13:06:12,20.67,-4.92,-0.01,1,2067,sell
13:06:09,20.68,-4.88,0.0,6,12408,buy
13:05:54,20.68,-4.88,0.01,13,26884,buy
13:05:48,20.67,-4.92,0.0,8,16536,sell
13:05:42,20.67,-4.92,0.0,5,10335,sell
13:05:39,20.67,-4.92,0.0,1,2067,sell
13:05:30,20.67,-4.92,0.0,7,14469,sell
13:04:57,20.67,-4.92,-0.01,1,2067,sell
13:04:51,20.68,-4.88,0.0,4,8272,buy
13:04:24,20.68,-4.88,0.0,8,16544,buy
13:04:09,20.68,-4.88,0.01,1,2068,buy
13:03:54,20.67,-4.92,0.01,1,2067,norm
13:03:24,20.66,-4.97,0.01,1,2066,norm
13:02:45,20.65,-5.01,0.0,1,2065,sell
13:02:30,20.65,-5.01,0.0,13,26845,buy
13:02:27,20.65,-5.01,0.01,1,2065,buy
13:02:18,20.64,-5.06,-0.01,1,2064,sell
13:02:03,20.65,-5.01,-0.01,2,4130,norm
13:02:03,20.65,-5.01,0.0,2,4130,buy
13:01:00,20.65,-5.01,0.01,25,51625,buy
13:00:54,20.64,-5.06,-0.01,15,30960,norm
13:00:39,20.65,-5.01,0.02,9,18585,buy
13:00:36,20.63,-5.11,-0.02,16,33008,sell
13:00:09,20.65,-5.01,0.02,2,4130,buy
13:00:06,20.63,-5.11,0.0,60,123780,sell
13:00:03,20.63,-5.11,0.02,74,152662,buy
13:00:00,20.61,-5.20,0.0,0,0,sell
11:30:00,20.61,-5.20,0.0,0,0,sell
11:29:39,20.61,-5.20,0.0,2,4122,buy
11:29:30,20.61,-5.20,-0.02,20,41220,sell
11:29:27,20.63,-5.11,0.01,3,6189,buy
11:29:21,20.62,-5.15,0.0,20,41240,sell
11:28:48,20.62,-5.15,-0.01,2,4124,sell
11:28:42,20.63,-5.11,0.0,7,14441,buy
11:27:51,20.63,-5.11,0.0,3,6189,buy
11:27:27,20.63,-5.11,0.0,2,4126,sell
11:27:09,20.63,-5.11,0.0,6,12378,norm
11:26:42,20.63,-5.11,0.0,20,41260,sell
11:26:30,20.63,-5.11,0.0,1,2063,sell
11:26:21,20.63,-5.11,-0.02,20,41260,sell
11:26:18,20.65,-5.01,0.01,10,20650,buy
11:26:03,20.64,-5.06,0.01,1,2064,buy
11:26:00,20.63,-5.11,0.0,1,2063,sell
11:25:51,20.63,-5.11,0.0,5,10315,buy
11:25:27,20.63,-5.11,0.0,3,6189,sell
11:25:24,20.63,-5.11,0.01,3,6189,norm
11:24:36,20.62,-5.15,0.0,1,2062,sell
11:24:18,20.62,-5.15,-0.02,2,4124,sell
11:24:09,20.64,-5.06,0.0,13,26832,sell
11:24:06,20.64,-5.06,0.0,4,8256,buy
11:23:12,20.64,-5.06,0.04,1,2064,buy
11:22:36,20.6,-5.24,0.0,6,12360,norm
11:22:36,20.6,-5.24,0.0,6,12360,sell
11:22:06,20.6,-5.24,0.02,1,2060,buy
11:21:51,20.58,-5.34,0.0,2,4116,buy
11:21:45,20.58,-5.34,0.0,4,8232,buy
11:21:39,20.58,-5.34,0.0,14,28812,buy
11:21:18,20.58,-5.34,0.0,10,20580,buy
11:21:15,20.58,-5.34,0.0,1,2058,buy
11:21:09,20.58,-5.34,0.0,16,32928,buy
11:21:06,20.58,-5.34,0.0,18,37044,buy
11:20:42,20.58,-5.34,0.01,6,12348,buy
11:20:39,20.57,-5.38,-0.01,4,8228,sell
11:20:36,20.58,-5.34,0.0,17,34986,buy
11:20:33,20.58,-5.34,0.01,44,90552,norm
11:20:09,20.57,-5.38,-0.07,12,24684,sell
11:19:45,20.64,-5.06,0.05,15,30960,buy
11:18:27,20.59,-5.29,-0.01,22,45298,sell
11:18:24,20.6,-5.24,0.01,3,6180,buy
11:18:12,20.59,-5.29,-0.01,1,2059,sell
11:17:54,20.6,-5.24,0.0,16,32960,buy
11:17:42,20.6,-5.24,0.0,16,32960,buy
11:17:27,20.6,-5.24,0.0,3,6180,sell
11:17:06,20.6,-5.24,-0.03,7,14420,sell
11:16:39,20.63,-5.11,-0.01,3,6189,sell
11:16:33,20.64,-5.06,0.0,2,4128,buy
11:16:30,20.64,-5.06,0.0,8,16512,buy
11:16:27,20.64,-5.06,0.0,5,10320,buy
11:15:57,20.64,-5.06,0.0,3,6192,buy
11:15:30,20.64,-5.06,0.0,12,24768,buy
11:15:24,20.64,-5.06,0.0,2,4128,buy
11:14:57,20.64,-5.06,0.01,10,20640,buy
11:14:54,20.63,-5.11,0.0,3,6189,sell
11:14:36,20.63,-5.11,0.0,1,2063,sell
11:14:12,20.63,-5.11,0.01,95,195985,buy
11:14:03,20.62,-5.15,0.0,3,6186,norm
11:13:30,20.62,-5.15,0.0,3,6186,norm
11:13:30,20.62,-5.15,-0.01,3,6186,sell
11:13:06,20.63,-5.11,0.01,4,8252,buy
11:13:00,20.62,-5.15,0.0,4,8248,sell
11:12:45,20.62,-5.15,0.0,17,35054,sell
11:12:30,20.62,-5.15,-0.01,2,4124,sell
11:12:18,20.63,-5.11,-0.01,9,18567,sell
11:12:12,20.64,-5.06,0.01,6,12384,buy
11:12:00,20.63,-5.11,0.0,6,12378,buy
11:11:45,20.63,-5.11,0.01,4,8252,norm
11:11:21,20.62,-5.15,-0.02,10,20620,sell
11:11:12,20.64,-5.06,0.02,3,6192,buy
11:11:09,20.62,-5.15,-0.02,2,4124,sell
11:11:06,20.64,-5.06,0.0,36,74304,buy
11:10:48,20.64,-5.06,-0.01,4,8256,sell
11:10:18,20.65,-5.01,0.01,3,6195,buy
11:09:30,20.64,-5.06,0.02,26,53664,buy
11:09:27,20.62,-5.15,-0.02,4,8248,sell
11:09:24,20.64,-5.06,0.02,6,12384,buy
11:09:03,20.62,-5.15,0.02,5,10310,buy
11:08:45,20.6,-5.24,0.0,5,10300,buy
11:08:42,20.6,-5.24,0.0,4,8240,sell
11:08:21,20.6,-5.24,0.0,16,32960,sell
11:08:15,20.6,-5.24,0.0,1,2060,sell
11:08:06,20.6,-5.24,0.0,1,2060,buy
11:07:51,20.6,-5.24,0.0,10,20600,buy
11:07:33,20.6,-5.24,0.01,3,6180,buy
11:07:27,20.59,-5.29,0.02,2,4118,buy
11:07:21,20.57,-5.38,-0.02,1,2057,sell
11:07:12,20.59,-5.29,0.01,22,45298,buy
11:07:06,20.58,-5.34,0.0,11,22638,sell
11:07:00,20.58,-5.34,-0.01,3,6174,sell
11:06:39,20.59,-5.29,0.0,10,20590,sell
11:06:15,20.59,-5.29,0.0,1,2059,sell
11:06:06,20.59,-5.29,-0.01,5,10295,sell
11:06:00,20.6,-5.24,0.01,2,4120,buy
11:05:39,20.59,-5.29,-0.01,2,4118,sell
11:05:33,20.6,-5.24,0.0,7,14420,sell
11:05:27,20.6,-5.24,-0.01,2,4120,sell
11:05:12,20.61,-5.20,0.0,2,4122,sell
11:04:45,20.61,-5.20,0.0,3,6183,norm
11:04:45,20.61,-5.20,-0.01,3,6183,sell
11:04:39,20.62,-5.15,0.0,7,14434,sell
11:04:30,20.62,-5.15,0.0,4,8248,sell
11:04:24,20.62,-5.15,-0.01,5,10310,sell
11:04:21,20.63,-5.11,0.0,1,2063,buy
11:04:03,20.63,-5.11,0.0,1,2063,buy
11:03:57,20.63,-5.11,-0.02,10,20630,sell
11:03:54,20.65,-5.01,0.02,1,2065,buy
11:03:51,20.63,-5.11,-0.02,3,6189,sell
11:03:12,20.65,-5.01,0.0,20,41300,buy
11:02:54,20.65,-5.01,0.01,2,4130,buy
11:02:48,20.64,-5.06,0.0,1,2064,sell
11:02:45,20.64,-5.06,0.0,1,2064,buy
11:02:39,20.64,-5.06,-0.01,2,4128,norm
11:01:15,20.65,-5.01,0.0,1,2065,buy
11:00:54,20.65,-5.01,0.04,14,28910,buy
11:00:42,20.61,-5.20,0.0,8,16488,sell
11:00:30,20.61,-5.20,0.0,1,2061,sell
10:59:57,20.61,-5.20,-0.04,1,2061,sell
10:59:36,20.65,-5.01,0.04,24,49560,buy
10:59:21,20.61,-5.20,-0.03,22,45342,sell
10:59:15,20.64,-5.06,0.0,13,26832,buy
10:59:06,20.64,-5.06,0.04,1,2064,buy
10:58:51,20.6,-5.24,-0.04,2,4120,norm
10:58:36,20.64,-5.06,0.07,2,4128,buy
10:58:21,20.57,-5.38,0.01,9,18513,norm
10:58:03,20.56,-5.43,-0.05,5,10280,sell
10:57:36,20.61,-5.20,0.06,8,16488,buy
10:57:27,20.55,-5.47,-0.06,2,6042,sell
10:57:24,20.61,-5.20,-0.03,14,28854,sell
10:57:15,20.64,-5.06,-0.01,7,14448,norm
10:56:51,20.65,-5.01,0.01,6,12390,buy
10:56:45,20.64,-5.06,-0.01,8,16512,sell
10:56:42,20.65,-5.01,0.01,1,2065,buy
10:56:39,20.64,-5.06,-0.01,2,4128,sell
10:56:24,20.65,-5.01,0.01,5,10325,buy
10:56:18,20.64,-5.06,0.04,20,41280,norm
10:55:33,20.6,-5.24,0.0,6,12360,norm
10:55:33,20.6,-5.24,0.01,6,12360,buy
10:55:24,20.59,-5.29,0.04,1,2059,buy
10:55:21,20.55,-5.47,-0.03,10,20550,sell
10:55:03,20.58,-5.34,0.0,1,2058,norm
10:54:42,20.58,-5.34,0.02,39,80262,buy
10:54:27,20.56,-5.43,0.01,32,65792,buy
10:54:03,20.55,-5.47,0.0,5,10275,sell
10:53:54,20.55,-5.47,0.0,1,2055,sell
10:53:30,20.55,-5.47,0.0,1,2055,sell
10:53:27,20.55,-5.47,0.0,1,2055,buy
10:53:15,20.55,-5.47,-0.03,4,8220,norm
10:52:48,20.58,-5.34,0.03,2,4116,buy
10:52:12,20.55,-5.47,0.02,4,8220,norm
10:51:39,20.53,-5.57,0.0,2,4106,sell
10:51:36,20.53,-5.57,0.0,10,20530,buy
10:51:30,20.53,-5.57,0.0,6,12318,buy
10:51:27,20.53,-5.57,0.0,5,10265,buy
10:51:24,20.53,-5.57,0.02,9,18477,buy
10:51:12,20.51,-5.66,-0.01,3,6153,sell
10:51:09,20.52,-5.61,0.0,100,205200,buy
10:51:03,20.52,-5.61,0.0,2,4104,buy
10:51:00,20.52,-5.61,0.0,30,61560,buy
10:50:57,20.52,-5.61,0.0,19,38988,sell
10:50:54,20.52,-5.61,0.0,4,8208,sell
10:50:48,20.52,-5.61,0.0,5,10260,sell
10:50:12,20.52,-5.61,0.0,5,10260,sell
10:50:09,20.52,-5.61,0.01,2,4104,sell
10:49:54,20.51,-5.66,-0.07,6,12306,sell
10:49:39,20.58,-5.34,0.07,2,4116,buy
10:49:30,20.51,-5.66,-0.01,15,30765,sell
10:49:27,20.52,-5.61,0.0,2,4104,sell
10:49:06,20.52,-5.61,-0.01,30,61560,sell
10:49:00,20.53,-5.57,0.0,7,14371,buy
10:48:48,20.53,-5.57,0.01,11,22583,buy
10:48:45,20.52,-5.61,-0.01,10,20520,sell
10:48:42,20.53,-5.57,0.0,4,8212,buy
10:48:33,20.53,-5.57,0.0,5,10265,buy
10:48:24,20.53,-5.57,-0.05,22,45166,sell
10:48:15,20.58,-5.34,0.0,1,2058,buy
10:47:57,20.58,-5.34,-0.01,2,4116,sell
10:46:54,20.59,-5.29,0.0,5,10295,buy
10:46:45,20.59,-5.29,-0.01,30,61770,sell
10:46:18,20.6,-5.24,-0.01,1,2060,norm
10:46:18,20.6,-5.24,0.0,1,2060,buy
10:45:48,20.6,-5.24,0.0,4,8240,buy
10:45:45,20.6,-5.24,0.0,2,4120,buy
10:44:57,20.6,-5.24,0.0,9,18540,buy
10:44:54,20.6,-5.24,-0.01,37,76220,sell
10:44:42,20.61,-5.20,0.0,26,53586,sell
10:44:36,20.61,-5.20,0.03,26,53586,norm
10:43:57,20.58,-5.34,0.01,27,55566,norm
10:43:51,20.57,-5.38,-0.03,26,53482,sell
10:43:48,20.6,-5.24,-0.05,26,53560,sell
10:43:45,20.65,-5.01,0.0,2,4130,buy
10:43:24,20.65,-5.01,0.0,1,2065,buy
10:42:54,20.65,-5.01,0.09,1,2065,buy
10:42:24,20.56,-5.43,-0.09,70,143920,sell
10:42:15,20.65,-5.01,0.0,9,18585,sell
10:42:12,20.65,-5.01,0.0,2,4130,buy
10:41:57,20.65,-5.01,0.07,28,57820,buy
10:41:48,20.58,-5.34,0.02,3,6174,norm
10:41:45,20.56,-5.43,-0.11,26,53456,sell
10:41:39,20.67,-4.92,0.0,21,43407,buy
10:41:18,20.67,-4.92,0.11,35,72345,buy
10:41:12,20.56,-5.43,0.0,26,53456,sell
10:40:51,20.56,-5.43,-0.12,26,53456,sell
10:40:39,20.68,-4.88,0.01,41,84788,buy
10:40:18,20.67,-4.92,0.04,23,47541,buy
10:40:15,20.63,-5.11,-0.04,26,53638,sell
10:40:12,20.67,-4.92,0.0,5,10335,buy
10:40:09,20.67,-4.92,0.0,38,78546,buy
10:39:54,20.67,-4.92,0.04,27,55809,buy
10:39:39,20.63,-5.11,0.02,3,6189,sell
10:39:36,20.61,-5.20,0.01,44,90684,buy
10:39:33,20.6,-5.24,0.0,2,4120,sell
10:39:30,20.6,-5.24,0.04,6,12360,buy
10:39:15,20.56,-5.43,-0.01,26,53456,sell
10:39:06,20.57,-5.38,0.0,1,2057,sell
10:38:45,20.57,-5.38,-0.03,1,2057,sell
10:38:39,20.6,-5.24,-0.01,14,28840,sell
10:38:03,20.61,-5.20,0.04,19,39159,norm
10:37:33,20.57,-5.38,0.0,26,53482,norm
10:37:33,20.57,-5.38,-0.03,26,53482,sell
10:37:18,20.6,-5.24,0.0,26,53560,sell
10:37:15,20.6,-5.24,0.03,16,32960,norm
10:36:57,20.57,-5.38,-0.03,26,53482,sell
10:36:42,20.6,-5.24,-0.11,12,24720,sell
10:36:39,20.71,-4.74,0.14,8,16568,buy
10:36:18,20.57,-5.38,0.0,40,82280,buy
10:36:12,20.57,-5.38,0.0,38,78166,buy
10:36:09,20.57,-5.38,0.0,40,82280,buy
10:36:03,20.57,-5.38,0.0,2,4114,buy
10:36:00,20.57,-5.38,0.0,1,2057,buy
10:35:57,20.57,-5.38,0.01,8,16456,norm
10:35:45,20.56,-5.43,-0.15,26,53456,sell
10:35:42,20.71,-4.74,0.0,1,2071,buy
10:35:39,20.71,-4.74,0.01,5,10355,sell
10:35:21,20.7,-4.78,0.0,13,26910,sell
10:35:00,20.7,-4.78,0.14,3,6210,buy
10:34:57,20.56,-5.43,-0.14,26,53456,sell
10:34:33,20.7,-4.78,0.14,1,2070,buy
10:34:27,20.56,-5.43,-0.14,28,57568,sell
10:34:24,20.7,-4.78,0.1,6,12420,buy
10:34:03,20.6,-5.24,0.0,13,26780,buy
10:34:00,20.6,-5.24,0.04,2,4120,buy
10:33:54,20.56,-5.43,0.01,1,2056,norm
10:33:42,20.55,-5.47,0.01,2,4110,norm
10:33:27,20.54,-5.52,0.0,52,106808,buy
10:33:21,20.54,-5.52,0.0,11,22594,buy
10:33:09,20.54,-5.52,0.0,4,8216,buy
10:33:06,20.54,-5.52,0.0,30,61620,buy
10:32:54,20.54,-5.52,0.0,3,6162,buy
10:32:51,20.54,-5.52,0.0,22,45188,buy
10:32:48,20.54,-5.52,0.01,3,6162,buy
10:32:45,20.53,-5.57,-0.01,3,6159,sell
10:32:42,20.54,-5.52,0.05,29,59566,norm
10:32:00,20.49,-5.75,-0.01,26,53274,sell
10:31:45,20.5,-5.70,-0.21,26,53300,sell
10:31:39,20.71,-4.74,0.0,4,8284,sell
10:31:27,20.71,-4.74,0.07,56,115976,buy
10:31:24,20.64,-5.06,-0.03,18,37152,sell
10:31:18,20.67,-4.92,0.0,1,2067,buy
10:31:12,20.67,-4.92,0.0,28,57876,sell
10:30:33,20.67,-4.92,-0.05,10,20670,sell
10:30:30,20.72,-4.69,0.05,5,10360,buy
10:30:27,20.67,-4.92,0.0,61,126087,buy
10:30:18,20.67,-4.92,-0.06,9,18603,sell
10:30:12,20.73,-4.65,0.06,17,35241,buy
10:29:54,20.67,-4.92,0.0,4,8268,sell
10:29:45,20.67,-4.92,0.0,1,2067,buy
10:29:39,20.67,-4.92,0.0,1,2067,buy
10:29:36,20.67,-4.92,0.04,6,12402,buy
10:29:27,20.63,-5.11,0.0,3,6189,sell
10:29:24,20.63,-5.11,-0.04,26,53638,sell
10:29:21,20.67,-4.92,-0.08,26,53742,sell
10:29:18,20.75,-4.55,-0.02,1,2075,norm
10:29:06,20.77,-4.46,0.1,21,43617,buy
10:29:03,20.67,-4.92,0.0,5,10335,sell
10:29:00,20.67,-4.92,0.04,16,33072,buy
10:28:39,20.63,-5.11,0.0,1,2063,sell
10:28:33,20.63,-5.11,0.0,5,10315,norm
10:28:33,20.63,-5.11,0.02,5,10315,buy
10:27:51,20.61,-5.20,0.01,13,26793,buy
10:27:39,20.6,-5.24,0.08,37,76220,buy
10:27:36,20.52,-5.61,0.01,3,6156,norm
10:27:27,20.51,-5.66,0.0,30,61530,sell
10:27:18,20.51,-5.66,0.0,14,28714,buy
10:27:15,20.51,-5.66,0.01,6,12306,buy
10:27:03,20.5,-5.70,0.0,8,16400,buy
10:27:00,20.5,-5.70,0.0,9,18450,buy
10:26:57,20.5,-5.70,0.0,5,10250,buy
10:26:54,20.5,-5.70,0.0,6,12300,buy
10:26:51,20.5,-5.70,0.0,31,63550,buy
10:26:48,20.5,-5.70,0.0,20,41000,buy
10:26:45,20.5,-5.70,0.01,25,51250,buy
10:26:42,20.49,-5.75,-0.01,3,6147,sell
10:26:39,20.5,-5.70,0.0,29,59450,buy
10:26:36,20.5,-5.70,0.01,8,16400,buy
10:26:33,20.49,-5.75,-0.01,120,245880,sell
10:26:30,20.5,-5.70,0.0,76,155800,buy
10:26:15,20.5,-5.70,0.0,5,10250,buy
10:26:12,20.5,-5.70,0.0,1,2050,buy
10:26:09,20.5,-5.70,0.01,24,49200,buy
10:26:06,20.49,-5.75,-0.01,3,6147,sell
10:26:03,20.5,-5.70,0.0,63,129150,buy
10:25:57,20.5,-5.70,0.0,4,8200,buy
10:25:51,20.5,-5.70,0.0,14,28700,buy
10:25:39,20.5,-5.70,0.0,15,30750,buy
10:25:36,20.5,-5.70,0.0,10,20500,buy
10:25:27,20.5,-5.70,0.01,107,219371,buy
10:25:15,20.49,-5.75,-0.01,20,40980,sell
10:25:06,20.5,-5.70,0.0,15,30750,buy
10:25:00,20.5,-5.70,0.01,8,16400,buy
10:24:54,20.49,-5.75,-0.01,1,2049,sell
10:24:51,20.5,-5.70,0.01,6,12300,buy
10:24:42,20.49,-5.75,0.0,2,4098,sell
10:24:33,20.49,-5.75,0.03,13,26637,buy
10:24:30,20.46,-5.89,-0.03,26,53196,sell
10:24:24,20.49,-5.75,0.0,12,24588,buy
10:24:21,20.49,-5.75,0.0,4,8196,buy
10:24:18,20.49,-5.75,0.03,44,90156,buy
10:23:54,20.46,-5.89,0.02,20,40920,buy
10:23:51,20.44,-5.98,0.0,5,10220,sell
10:23:48,20.44,-5.98,0.0,31,63364,sell
10:23:45,20.44,-5.98,0.0,62,126728,buy
10:23:42,20.44,-5.98,0.0,1,2044,buy
10:23:39,20.44,-5.98,0.01,1,2044,norm
10:23:36,20.43,-6.03,-0.02,7,14301,sell
10:23:33,20.45,-5.93,0.01,53,108385,buy
10:23:30,20.44,-5.98,0.01,2,4088,sell
10:23:27,20.43,-6.03,0.0,16,32688,sell
10:23:24,20.43,-6.03,0.0,11,22473,sell
10:23:21,20.43,-6.03,0.0,6,12258,sell
10:23:18,20.43,-6.03,0.0,1,2043,sell
10:23:15,20.43,-6.03,0.0,36,73548,buy
10:23:12,20.43,-6.03,0.0,14,28602,buy
10:23:09,20.43,-6.03,0.0,5,10215,buy
10:23:06,20.43,-6.03,-0.01,24,49032,sell
10:23:03,20.44,-5.98,0.01,2,4088,buy
10:23:00,20.43,-6.03,0.0,2,4086,sell
10:22:51,20.43,-6.03,0.01,91,185913,buy
10:22:48,20.42,-6.07,-0.01,10,20420,sell
10:22:42,20.43,-6.03,0.01,10,20430,buy
10:22:33,20.42,-6.07,0.0,1,2042,buy
10:22:30,20.42,-6.07,0.01,29,59218,buy
10:22:27,20.41,-6.12,0.0,4,8164,sell
10:22:21,20.41,-6.12,-0.01,60,122460,sell
10:22:18,20.42,-6.07,0.0,11,22462,buy
10:22:15,20.42,-6.07,0.01,11,22462,buy
10:22:09,20.41,-6.12,0.0,3,6123,sell
10:22:06,20.41,-6.12,-0.01,15,30615,sell
10:22:03,20.42,-6.07,0.0,18,36756,sell
10:21:57,20.42,-6.07,0.0,10,20420,sell
10:21:51,20.42,-6.07,-0.01,2,4084,sell
10:21:48,20.43,-6.03,0.0,25,51075,sell
10:21:39,20.43,-6.03,-0.01,10,20430,sell
10:21:36,20.44,-5.98,0.0,16,32704,buy
10:21:30,20.44,-5.98,-0.01,9,18396,sell
10:21:24,20.45,-5.93,0.0,65,132925,sell
10:21:21,20.45,-5.93,0.0,15,30675,buy
10:21:12,20.45,-5.93,0.0,12,24540,buy
10:21:00,20.45,-5.93,0.01,15,30675,buy
10:20:57,20.44,-5.98,0.0,4,8176,sell
10:20:51,20.44,-5.98,-0.01,10,20440,sell
10:20:45,20.45,-5.93,0.0,15,30675,buy
10:20:42,20.45,-5.93,0.0,1,2045,buy
10:20:39,20.45,-5.93,0.0,1,2045,buy
10:20:36,20.45,-5.93,-0.01,7,14315,sell
10:20:33,20.46,-5.89,0.01,3,6138,buy
10:20:30,20.45,-5.93,0.0,20,40900,sell
10:20:27,20.45,-5.93,0.0,1,2045,sell
10:20:24,20.45,-5.93,-0.03,10,20450,sell
10:20:18,20.48,-5.80,0.03,6,12288,buy
10:20:00,20.45,-5.93,-0.03,4,8180,sell
10:19:51,20.48,-5.80,0.0,12,24576,buy
10:19:42,20.48,-5.80,-0.01,16,32768,norm
10:19:30,20.49,-5.75,0.04,33,67617,buy
10:19:27,20.45,-5.93,0.0,29,59305,norm
10:19:27,20.45,-5.93,0.0,29,59305,buy
10:19:21,20.45,-5.93,-0.04,22,44990,sell
10:19:15,20.49,-5.75,0.04,21,43029,buy
10:19:06,20.45,-5.93,-0.04,26,53170,sell
10:18:54,20.49,-5.75,0.0,5,10245,sell
10:18:51,20.49,-5.75,0.0,2,4098,sell
10:18:48,20.49,-5.75,0.01,27,55323,buy
10:18:45,20.48,-5.80,-0.01,6,12288,sell
10:18:42,20.49,-5.75,0.01,3,6147,buy
10:18:30,20.48,-5.80,-0.01,13,26624,sell
10:18:27,20.49,-5.75,0.0,1,2049,buy
10:18:21,20.49,-5.75,0.01,2,4098,buy
10:18:12,20.48,-5.80,0.03,3,6144,buy
10:18:09,20.45,-5.93,-0.01,29,59305,sell
10:18:06,20.46,-5.89,-0.02,2,4092,norm
10:17:57,20.48,-5.80,0.0,1,2048,buy
10:17:45,20.48,-5.80,0.03,22,45056,buy
10:17:42,20.45,-5.93,-0.03,26,53170,sell
10:17:27,20.48,-5.80,0.0,5,10240,buy
10:17:24,20.48,-5.80,0.0,19,38912,sell
10:17:18,20.48,-5.80,-0.01,10,20480,sell
10:17:15,20.49,-5.75,0.01,18,36882,norm
10:17:09,20.48,-5.80,0.0,12,24576,sell
10:17:06,20.48,-5.80,-0.01,16,32768,sell
10:17:03,20.49,-5.75,0.01,12,24588,buy
10:16:51,20.48,-5.80,0.0,5,10240,sell
10:16:42,20.48,-5.80,0.01,32,65536,buy
10:16:39,20.47,-5.84,0.0,9,18423,sell
10:16:33,20.47,-5.84,0.03,8,16376,buy
10:16:30,20.44,-5.98,0.02,2,4088,norm
10:16:21,20.42,-6.07,0.01,10,20420,buy
10:16:18,20.41,-6.12,-0.01,27,55107,sell
10:16:12,20.42,-6.07,0.0,7,14294,sell
10:16:09,20.42,-6.07,-0.06,6,12252,sell
10:16:06,20.48,-5.80,0.07,9,18432,buy
10:16:00,20.41,-6.12,0.0,26,53066,sell
10:15:45,20.41,-6.12,0.0,21,42861,sell
10:15:39,20.41,-6.12,0.0,2,4082,sell
10:15:36,20.41,-6.12,0.01,111,227980,buy
10:15:33,20.4,-6.16,-0.01,28,57120,sell
10:15:27,20.41,-6.12,0.01,20,40820,buy
10:15:21,20.4,-6.16,-0.01,15,30600,norm
10:15:18,20.41,-6.12,0.02,19,38779,buy
10:15:12,20.39,-6.21,-0.02,3,6117,sell
10:15:09,20.41,-6.12,0.0,69,140829,buy
10:15:06,20.41,-6.12,0.0,8,16940,sell
10:15:03,20.41,-6.12,0.0,22,44902,sell
10:14:57,20.41,-6.12,0.02,0,1429,norm
10:14:51,20.39,-6.21,0.01,5,10195,norm
10:14:42,20.38,-6.26,0.0,4,8152,sell
10:14:36,20.38,-6.26,0.01,10,20380,norm
10:14:30,20.37,-6.30,0.0,82,167034,sell
10:14:27,20.37,-6.30,-0.01,28,57036,sell
10:14:24,20.38,-6.26,0.0,35,71330,buy
10:14:21,20.38,-6.26,-0.12,65,132470,sell
10:14:18,20.5,-5.70,0.1,62,127100,buy
10:14:12,20.4,-6.16,-0.07,25,51000,sell
10:14:09,20.47,-5.84,-0.02,24,49128,sell
10:14:03,20.49,-5.75,0.0,5,10245,sell
10:14:00,20.49,-5.75,0.0,5,10245,buy
10:13:54,20.49,-5.75,0.0,5,10245,buy
10:13:51,20.49,-5.75,-0.01,10,20490,buy
10:13:48,20.5,-5.70,0.0,19,38950,buy
10:13:45,20.5,-5.70,0.01,16,32800,buy
10:13:42,20.49,-5.75,-0.01,2,4098,sell
10:13:39,20.5,-5.70,0.01,5,10250,buy
10:13:36,20.49,-5.75,0.0,1,2049,buy
10:13:33,20.49,-5.75,-0.01,27,55323,norm
10:13:27,20.5,-5.70,0.03,16,32800,buy
10:13:24,20.47,-5.84,0.0,26,53222,buy
10:13:18,20.47,-5.84,0.0,37,75739,buy
10:13:15,20.47,-5.84,-0.03,24,49128,sell
10:13:03,20.5,-5.70,0.01,15,30750,buy
10:13:00,20.49,-5.75,0.0,10,20490,buy
10:12:54,20.49,-5.75,-0.01,9,18441,norm
10:12:48,20.5,-5.70,0.03,10,20500,buy
10:12:42,20.47,-5.84,-0.03,16,32752,sell
10:12:36,20.5,-5.70,0.0,15,30750,buy
10:12:33,20.5,-5.70,0.03,86,176300,buy
10:12:30,20.47,-5.84,0.0,12,24564,sell
10:12:18,20.47,-5.84,-0.03,43,88021,sell
10:12:15,20.5,-5.70,0.03,17,34850,buy
10:12:09,20.47,-5.84,-0.03,14,28658,sell
10:12:06,20.5,-5.70,0.03,38,77900,buy
10:12:03,20.47,-5.84,-0.01,28,57316,sell
10:12:00,20.48,-5.80,0.01,1,2048,norm
10:11:57,20.47,-5.84,-0.03,26,53222,sell
10:11:54,20.5,-5.70,0.03,15,30750,buy
10:11:42,20.47,-5.84,0.0,13,26611,sell
10:11:39,20.47,-5.84,0.0,220,450340,buy
10:11:33,20.47,-5.84,0.06,15,30705,buy
10:11:24,20.41,-6.12,-0.06,11,22451,sell
10:11:21,20.47,-5.84,0.05,52,106444,buy
10:11:18,20.42,-6.07,0.01,4,8168,sell
10:11:15,20.41,-6.12,0.0,1,2041,sell
10:11:12,20.41,-6.12,0.0,17,34697,sell
10:11:09,20.41,-6.12,0.0,19,38779,sell
10:11:06,20.41,-6.12,0.03,95,193895,buy
10:11:03,20.38,-6.26,0.0,1,2038,sell
10:11:00,20.38,-6.26,0.0,1,2038,sell
10:10:57,20.38,-6.26,0.04,27,55026,buy
10:10:54,20.34,-6.44,0.0,4,8136,sell
10:10:51,20.34,-6.44,0.04,33,67122,norm
10:10:42,20.3,-6.62,-0.08,6,12180,sell
10:10:39,20.38,-6.26,0.0,22,44836,buy
10:10:36,20.38,-6.26,0.04,10,20380,buy
10:10:33,20.34,-6.44,0.0,1,2034,buy
10:10:27,20.34,-6.44,-0.06,110,223740,sell
10:10:24,20.4,-6.16,-0.06,77,157080,norm
10:10:24,20.4,-6.16,0.0,77,157080,sell
10:10:21,20.4,-6.16,0.0,15,30600,sell
10:10:15,20.4,-6.16,-0.02,66,134640,buy
10:10:09,20.42,-6.07,-0.05,49,100058,sell
10:10:06,20.47,-5.84,-0.03,27,55269,sell
10:10:00,20.5,-5.70,0.0,5,10250,buy
10:09:57,20.5,-5.70,-0.08,210,430500,sell
10:09:51,20.58,-5.34,-0.02,11,22638,sell
10:09:48,20.6,-5.24,0.0,2,4120,buy
10:09:45,20.6,-5.24,0.0,13,26780,buy
10:09:39,20.6,-5.24,0.0,4,8240,sell
10:09:33,20.6,-5.24,0.0,26,53560,sell
10:09:27,20.6,-5.24,0.02,5,10300,buy
10:09:24,20.58,-5.34,-0.01,3,6174,sell
10:09:21,20.59,-5.29,-0.01,2,4118,sell
10:09:15,20.6,-5.24,0.0,5,10300,buy
10:09:12,20.6,-5.24,0.0,33,67980,buy
10:09:09,20.6,-5.24,0.0,3,6180,buy
10:09:06,20.6,-5.24,0.0,3,6180,buy
10:09:00,20.6,-5.24,0.0,2,4120,buy
10:08:57,20.6,-5.24,0.0,49,100940,sell
10:08:54,20.6,-5.24,0.0,9,18540,sell
10:08:51,20.6,-5.24,-0.01,6,12360,sell
10:08:48,20.61,-5.20,0.0,8,16488,buy
10:08:45,20.61,-5.20,0.0,10,20610,buy
10:08:39,20.61,-5.20,-0.06,29,59769,sell
10:08:36,20.67,-4.92,0.06,3,6201,norm
10:08:30,20.61,-5.20,-0.05,21,43281,sell
10:08:24,20.66,-4.97,0.0,4,8264,buy
10:08:18,20.66,-4.97,0.06,1,2066,buy
10:08:12,20.6,-5.24,0.0,6,12360,sell
10:08:09,20.6,-5.24,0.03,28,57680,buy
10:08:06,20.57,-5.38,0.0,12,24684,buy
10:08:03,20.57,-5.38,0.0,11,22627,buy
10:08:00,20.57,-5.38,-0.01,67,137819,sell
10:07:57,20.58,-5.34,0.0,3,6174,sell
10:07:54,20.58,-5.34,0.0,95,195510,buy
10:07:51,20.58,-5.34,0.0,6,12348,buy
10:07:48,20.58,-5.34,0.0,5,10290,buy
10:07:45,20.58,-5.34,0.0,45,92610,buy
10:07:39,20.58,-5.34,-0.08,9,18522,sell
10:07:36,20.66,-4.97,0.06,192,396672,buy
10:07:30,20.6,-5.24,-0.06,15,30900,sell
10:07:27,20.66,-4.97,0.06,12,24792,buy
10:07:24,20.6,-5.24,0.0,56,115360,sell
10:07:18,20.6,-5.24,-0.06,51,105060,sell
10:07:06,20.66,-4.97,-0.16,91,188006,sell
10:07:03,20.82,-4.23,0.0,43,89526,sell
10:06:45,20.82,-4.23,-0.03,21,43722,sell
10:06:39,20.85,-4.09,0.01,4,8340,buy
10:06:36,20.84,-4.14,0.0,13,27092,sell
10:06:24,20.84,-4.14,0.0,7,14588,buy
10:06:21,20.84,-4.14,0.0,16,33344,buy
10:06:09,20.84,-4.14,-0.01,7,14588,sell
10:05:57,20.85,-4.09,0.0,17,35445,sell
10:05:54,20.85,-4.09,-0.01,5,10425,norm
10:05:39,20.86,-4.05,0.03,1,2086,buy
10:05:33,20.83,-4.19,-0.03,3,6249,sell
10:05:30,20.86,-4.05,0.03,1,2086,buy
10:05:24,20.83,-4.19,-0.04,1,2083,sell
10:05:15,20.87,-4.00,0.04,33,68871,buy
10:05:03,20.83,-4.19,0.02,9,18747,buy
10:04:57,20.81,-4.28,-0.02,67,139427,sell
10:04:48,20.83,-4.19,-0.04,12,24996,sell
10:04:42,20.87,-4.00,0.0,5,10435,buy
10:04:21,20.87,-4.00,0.0,24,50088,buy
10:04:09,20.87,-4.00,0.0,7,14609,buy
10:04:06,20.87,-4.00,0.0,19,39653,buy
10:04:03,20.87,-4.00,-0.01,9,18783,sell
10:03:57,20.88,-3.96,0.0,1,2088,buy
10:03:54,20.88,-3.96,0.01,1,2088,buy
10:03:51,20.87,-4.00,0.0,1,2087,sell
10:03:45,20.87,-4.00,0.0,5,10435,sell
10:03:42,20.87,-4.00,0.06,17,35479,buy
10:03:27,20.81,-4.28,-0.06,20,41620,sell
10:03:06,20.87,-4.00,0.06,2,4174,buy
10:03:03,20.81,-4.28,0.0,1,2081,sell
10:02:57,20.81,-4.28,0.0,8,16648,sell
10:02:51,20.81,-4.28,0.01,22,45782,buy
10:02:45,20.8,-4.32,0.0,16,33280,sell
10:02:39,20.8,-4.32,0.0,1,2080,sell
10:02:36,20.8,-4.32,0.0,7,14560,sell
10:02:33,20.8,-4.32,0.01,77,160160,buy
10:02:27,20.79,-4.37,0.0,3,6237,norm
10:02:21,20.79,-4.37,-0.01,4,8316,norm
10:02:15,20.8,-4.32,0.08,23,47840,buy
10:02:12,20.72,-4.69,0.0,2,4144,buy
10:02:09,20.72,-4.69,-0.07,3,6216,sell
10:02:06,20.79,-4.37,0.05,21,43659,buy
10:02:03,20.74,-4.60,-0.05,10,20740,sell
10:01:54,20.79,-4.37,0.02,3,6237,buy
10:01:51,20.77,-4.46,0.0,2,4154,buy
10:01:48,20.77,-4.46,-0.03,8,16616,sell
10:01:45,20.8,-4.32,0.0,11,22880,buy
10:01:42,20.8,-4.32,0.0,70,145600,buy
10:01:39,20.8,-4.32,0.0,5,10400,buy
10:01:36,20.8,-4.32,0.01,66,137280,buy
10:01:33,20.79,-4.37,-0.01,1,2079,norm
10:01:30,20.8,-4.32,0.0,12,24960,buy
10:01:18,20.8,-4.32,0.0,106,220480,norm
10:01:18,20.8,-4.32,0.02,106,220480,buy
10:01:15,20.78,-4.42,-0.02,48,99744,sell
10:01:12,20.8,-4.32,0.0,34,70720,buy
10:01:09,20.8,-4.32,0.0,30,62400,buy
10:01:03,20.8,-4.32,0.0,4,8320,buy
10:01:00,20.8,-4.32,0.0,4,8320,buy
10:00:57,20.8,-4.32,0.0,21,43680,buy
10:00:54,20.8,-4.32,0.01,46,95680,buy
10:00:51,20.79,-4.37,0.0,23,47817,sell
10:00:48,20.79,-4.37,-0.01,3,6237,sell
10:00:45,20.8,-4.32,0.0,2,4160,buy
10:00:42,20.8,-4.32,0.0,36,74880,sell
10:00:39,20.8,-4.32,0.0,12,24960,sell
10:00:36,20.8,-4.32,0.0,5,10400,sell
10:00:33,20.8,-4.32,0.01,6,12480,buy
10:00:30,20.79,-4.37,-0.01,66,137214,sell
10:00:27,20.8,-4.32,0.0,5,10400,buy
10:00:21,20.8,-4.32,0.03,5,10400,buy
10:00:18,20.77,-4.46,-0.03,5,10385,sell
10:00:15,20.8,-4.32,0.01,25,52000,buy
10:00:12,20.79,-4.37,0.02,1,2079,sell
10:00:09,20.77,-4.46,0.06,24,49848,buy
10:00:06,20.71,-4.74,-0.06,25,51775,sell
10:00:03,20.77,-4.46,0.06,3,6231,buy
10:00:00,20.71,-4.74,0.03,49,101479,buy
09:59:57,20.68,-4.88,0.0,164,339152,norm
09:59:51,20.68,-4.88,0.07,2,4136,norm
09:59:45,20.61,-5.20,-0.07,8,16488,sell
09:59:42,20.68,-4.88,0.07,20,41360,buy
09:59:39,20.61,-5.20,-0.07,2,4122,sell
09:59:36,20.68,-4.88,0.07,14,28952,buy
09:59:33,20.61,-5.20,-0.07,33,68013,sell
09:59:27,20.68,-4.88,0.04,49,101332,buy
09:59:24,20.64,-5.06,0.04,36,74304,buy
09:59:21,20.6,-5.24,-0.01,42,86520,sell
09:59:15,20.61,-5.20,0.0,18,37098,sell
09:59:12,20.61,-5.20,-0.07,40,82440,sell
09:59:09,20.68,-4.88,0.08,99,204732,buy
09:59:06,20.6,-5.24,-0.01,2,4120,sell
09:59:03,20.61,-5.20,-0.03,64,131904,norm
09:59:00,20.64,-5.06,0.03,66,136224,buy
09:58:57,20.61,-5.20,0.0,4,8244,sell
09:58:54,20.61,-5.20,-0.03,23,47403,sell
09:58:51,20.64,-5.06,-0.13,28,57792,sell
09:58:45,20.77,-4.46,0.09,10,20770,buy
09:58:42,20.68,-4.88,-0.12,17,35156,sell
09:58:39,20.8,-4.32,0.03,4,8320,buy
09:58:36,20.77,-4.46,-0.03,4,8308,sell
09:58:30,20.8,-4.32,0.0,6,12480,buy
09:58:27,20.8,-4.32,-0.1,43,89440,sell
09:58:21,20.9,-3.86,0.0,11,22990,sell
09:58:12,20.9,-3.86,-0.06,10,20900,sell
09:58:09,20.96,-3.59,0.0,13,27248,buy
09:58:06,20.96,-3.59,-0.02,38,79648,sell
09:58:03,20.98,-3.50,0.0,9,18882,buy
09:58:00,20.98,-3.50,0.0,17,35666,buy
09:57:48,20.98,-3.50,-0.01,15,31470,sell
09:57:45,20.99,-3.45,0.01,4,8396,norm
09:57:30,20.98,-3.50,-0.02,27,56646,sell
09:57:27,21.0,-3.40,0.0,2,4200,buy
09:57:24,21.0,-3.40,0.0,11,23100,buy
09:57:21,21.0,-3.40,0.0,1,2100,buy
09:57:18,21.0,-3.40,0.0,8,16800,sell
09:57:15,21.0,-3.40,-0.04,1,2100,norm
09:57:03,21.04,-3.22,0.04,23,48392,buy
09:57:00,21.0,-3.40,-0.04,200,420000,sell
09:56:57,21.04,-3.22,0.02,22,46288,buy
09:56:54,21.02,-3.31,-0.02,60,126120,sell
09:56:51,21.04,-3.22,0.0,2,4208,buy
09:56:48,21.04,-3.22,0.0,2,4208,buy
09:56:45,21.04,-3.22,0.01,6,12624,buy
09:56:42,21.03,-3.27,-0.01,18,37854,sell
09:56:39,21.04,-3.22,-0.01,196,412384,sell
09:56:36,21.05,-3.17,-0.01,2,4210,sell
09:56:27,21.06,-3.13,0.0,12,25272,buy
09:56:24,21.06,-3.13,0.0,4,8424,buy
09:56:21,21.06,-3.13,-0.03,16,33696,sell
09:56:18,21.09,-2.99,0.01,32,67488,buy
09:56:09,21.08,-3.04,0.0,1,2108,norm
09:56:03,21.08,-3.04,0.0,3,6324,norm
09:55:57,21.08,-3.04,0.0,4,8432,sell
09:55:51,21.08,-3.04,0.0,13,27404,sell
09:55:48,21.08,-3.04,0.0,10,21080,sell
09:55:33,21.08,-3.04,-0.01,1,2108,sell
09:55:30,21.09,-2.99,0.0,18,37962,buy
09:55:27,21.09,-2.99,0.01,3,6327,buy
09:55:24,21.08,-3.04,0.0,17,35836,sell
09:55:21,21.08,-3.04,0.0,1,2108,sell
09:55:18,21.08,-3.04,0.0,63,132804,buy
09:55:12,21.08,-3.04,0.01,16,33728,buy
09:55:09,21.07,-3.08,-0.01,1,2107,sell
09:55:06,21.08,-3.04,-0.01,104,219232,sell
09:54:54,21.09,-2.99,0.01,73,153957,buy
09:54:51,21.08,-3.04,0.0,14,29512,sell
09:54:48,21.08,-3.04,-0.01,13,27404,sell
09:54:42,21.09,-2.99,0.0,5,10545,buy
09:54:39,21.09,-2.99,0.0,4,8436,buy
09:54:36,21.09,-2.99,-0.01,20,42180,sell
09:54:33,21.1,-2.94,0.01,11,23210,buy
09:54:24,21.09,-2.99,0.0,13,27417,sell
09:54:12,21.09,-2.99,0.0,3,6327,sell
09:53:48,21.09,-2.99,-0.04,16,33744,sell
09:53:45,21.13,-2.81,0.03,9,19017,buy
09:53:39,21.1,-2.94,-0.03,1,2110,sell
09:53:33,21.13,-2.81,0.0,22,46486,buy
09:53:15,21.13,-2.81,0.0,7,14791,buy
09:53:12,21.13,-2.81,0.03,2,4226,buy
09:53:09,21.1,-2.94,-0.03,12,25320,norm
09:52:51,21.13,-2.81,0.04,5,10565,buy
09:52:48,21.09,-2.99,-0.02,10,21090,sell
09:52:45,21.11,-2.90,0.02,27,56997,buy
09:52:42,21.09,-2.99,0.01,2,4218,buy
09:52:33,21.08,-3.04,-0.01,2,4216,sell
09:52:30,21.09,-2.99,0.01,6,12654,buy
09:52:27,21.08,-3.04,-0.01,3,6324,sell
09:52:24,21.09,-2.99,0.0,11,23199,buy
09:52:21,21.09,-2.99,0.0,4,8436,buy
09:52:18,21.09,-2.99,0.0,11,23199,buy
09:52:12,21.09,-2.99,0.0,3,6327,norm
09:52:12,21.09,-2.99,0.0,3,6327,sell
09:52:06,21.09,-2.99,-0.01,21,44289,norm
09:52:00,21.1,-2.94,-0.01,5,10550,buy
09:51:48,21.11,-2.90,-0.02,2,4222,norm
09:51:39,21.13,-2.81,0.02,11,23243,buy
09:51:30,21.11,-2.90,-0.01,22,46442,sell
09:51:18,21.12,-2.85,-0.01,1,2112,sell
09:51:15,21.13,-2.81,-0.01,6,12678,sell
09:51:12,21.14,-2.76,0.0,52,109928,buy
09:51:00,21.14,-2.76,0.01,4,8456,buy
09:50:57,21.13,-2.81,-0.01,2,4226,sell
09:50:48,21.14,-2.76,0.0,8,16912,buy
09:50:45,21.14,-2.76,-0.01,69,145866,sell
09:50:36,21.15,-2.71,0.01,42,88830,buy
09:50:30,21.14,-2.76,-0.01,1,2114,sell
09:50:27,21.15,-2.71,0.0,25,52875,buy
09:50:24,21.15,-2.71,0.0,5,10575,buy
09:50:21,21.15,-2.71,0.0,8,16920,buy
09:50:18,21.15,-2.71,0.0,47,99405,buy
09:50:15,21.15,-2.71,0.0,3,6345,buy
09:50:12,21.15,-2.71,0.0,5,10575,buy
09:50:06,21.15,-2.71,0.01,16,33840,buy
09:50:03,21.14,-2.76,-0.01,1,2114,sell
09:50:00,21.15,-2.71,0.03,7,14805,buy
09:49:45,21.12,-2.85,-0.01,8,16896,sell
09:49:42,21.13,-2.81,0.0,1,2113,buy
09:49:39,21.13,-2.81,0.0,2,4226,buy
09:49:36,21.13,-2.81,0.0,1,2113,buy
09:49:30,21.13,-2.81,0.01,4,8452,buy
09:49:27,21.12,-2.85,-0.01,2,4224,sell
09:49:24,21.13,-2.81,0.0,7,14791,buy
09:49:12,21.13,-2.81,0.0,2,4226,buy
09:49:09,21.13,-2.81,0.0,2,4226,buy
09:49:06,21.13,-2.81,0.03,8,16904,buy
09:48:54,21.1,-2.94,0.0,1,2110,sell
09:48:51,21.1,-2.94,0.03,87,185110,buy
09:48:48,21.07,-3.08,-0.01,1,2107,sell
09:48:42,21.08,-3.04,0.02,20,42160,norm
09:48:36,21.06,-3.13,0.0,4,8424,norm
09:48:33,21.06,-3.13,0.02,2,4212,norm
09:48:30,21.04,-3.22,-0.02,51,107304,sell
09:48:27,21.06,-3.13,-0.04,1,2106,sell
09:48:24,21.1,-2.94,0.05,106,223660,buy
09:48:21,21.05,-3.17,-0.02,32,67928,sell
09:48:18,21.07,-3.08,0.0,0,1538,sell
09:48:15,21.07,-3.08,0.0,1,2107,buy
09:48:12,21.07,-3.08,0.0,8,16856,buy
09:48:06,21.07,-3.08,0.0,4,8428,buy
09:47:57,21.07,-3.08,-0.03,8,16856,sell
09:47:45,21.1,-2.94,0.03,10,21100,buy
09:47:42,21.07,-3.08,0.01,1,2107,norm
09:47:39,21.06,-3.13,-0.04,29,61074,sell
09:47:33,21.1,-2.94,0.04,5,10550,buy
09:47:30,21.06,-3.13,-0.04,27,56862,sell
09:47:27,21.1,-2.94,0.0,2,4220,buy
09:47:21,21.1,-2.94,0.04,35,73850,buy
09:47:18,21.06,-3.13,-0.04,1,2106,sell
09:47:15,21.1,-2.94,0.0,28,59080,buy
09:47:09,21.1,-2.94,0.0,5,10550,buy
09:47:03,21.1,-2.94,0.06,1,2110,buy
09:46:54,21.04,-3.22,-0.06,30,63120,sell
09:46:51,21.1,-2.94,0.0,19,40090,buy
09:46:48,21.1,-2.94,0.06,10,21100,buy
09:46:45,21.04,-3.22,0.0,70,147280,sell
09:46:42,21.04,-3.22,0.01,4,8416,sell
09:46:39,21.03,-3.27,-0.07,27,56781,sell
09:46:36,21.1,-2.94,0.0,23,48530,buy
09:46:33,21.1,-2.94,0.0,11,23210,buy
09:46:30,21.1,-2.94,0.0,28,59080,buy
09:46:27,21.1,-2.94,0.0,7,14770,sell
09:46:24,21.1,-2.94,0.0,2,4220,sell
09:46:21,21.1,-2.94,0.0,24,50640,buy
09:46:18,21.1,-2.94,0.07,20,42200,buy
09:46:15,21.03,-3.27,-0.07,26,54678,sell
09:46:12,21.1,-2.94,0.0,8,16880,buy
09:46:09,21.1,-2.94,0.07,51,107610,buy
09:46:06,21.03,-3.27,-0.07,2,4206,sell
09:46:03,21.1,-2.94,0.07,31,65410,buy
09:46:00,21.03,-3.27,0.0,7,14721,buy
09:45:57,21.03,-3.27,0.01,10,21030,norm
09:45:54,21.02,-3.31,-0.04,26,54652,sell
09:45:51,21.06,-3.13,0.03,11,23166,buy
09:45:48,21.03,-3.27,-0.01,130,273390,sell
09:45:45,21.04,-3.22,0.0,48,100992,buy
09:45:42,21.04,-3.22,0.0,31,65224,buy
09:45:39,21.04,-3.22,0.0,54,113616,buy
09:45:36,21.04,-3.22,0.02,45,94680,buy
09:45:33,21.02,-3.31,-0.01,3,6306,sell
09:45:30,21.03,-3.27,-0.01,13,27339,sell
09:45:27,21.04,-3.22,0.0,11,23144,buy
09:45:24,21.04,-3.22,0.0,1,2104,buy
09:45:21,21.04,-3.22,0.01,38,79952,buy
09:45:18,21.03,-3.27,-0.01,58,121974,sell
09:45:15,21.04,-3.22,0.0,12,25248,norm
09:45:12,21.04,-3.22,0.01,11,23144,norm
09:45:09,21.03,-3.27,-0.01,20,42060,sell
09:45:06,21.04,-3.22,0.0,13,27352,sell
09:45:03,21.04,-3.22,0.01,1,2104,norm
09:44:57,21.03,-3.27,0.0,8,16824,sell
09:44:54,21.03,-3.27,0.01,2,4206,norm
09:44:45,21.02,-3.31,-0.08,2,4204,norm
09:44:42,21.1,-2.94,0.0,115,242650,sell
09:44:39,21.1,-2.94,0.0,8,16880,sell
09:44:36,21.1,-2.94,0.0,8,16880,sell
09:44:33,21.1,-2.94,0.02,37,78070,buy
09:44:30,21.08,-3.04,-0.02,6,12648,sell
09:44:27,21.1,-2.94,0.0,82,173020,sell
09:44:15,21.1,-2.94,-0.02,29,61190,sell
09:44:03,21.12,-2.85,0.0,2,4224,sell
09:43:57,21.12,-2.85,-0.03,1,2112,sell
09:43:54,21.15,-2.71,0.0,24,50760,sell
09:43:51,21.15,-2.71,-0.01,8,16920,sell
09:43:45,21.16,-2.67,0.0,5,10580,buy
09:43:33,21.16,-2.67,0.0,4,8464,sell
09:43:30,21.16,-2.67,0.0,3,6348,sell
09:43:18,21.16,-2.67,-0.04,6,12696,sell
09:43:15,21.2,-2.48,-0.02,101,214120,sell
09:43:12,21.22,-2.39,-0.03,8,16976,sell
09:43:03,21.25,-2.25,-0.03,22,46750,norm
09:43:03,21.25,-2.25,0.0,22,46750,buy
09:42:57,21.25,-2.25,0.0,1,2125,buy
09:42:54,21.25,-2.25,0.0,2,4250,buy
09:42:51,21.25,-2.25,0.0,6,12750,buy
09:42:48,21.25,-2.25,0.03,57,121125,buy
09:42:45,21.22,-2.39,-0.03,1,2122,sell
09:42:42,21.25,-2.25,0.03,154,327250,buy
09:42:39,21.22,-2.39,0.0,18,38196,sell
09:42:36,21.22,-2.39,0.0,10,21220,sell
09:42:33,21.22,-2.39,-0.01,2,4244,sell
09:42:30,21.23,-2.35,-0.03,83,176209,sell
09:42:24,21.26,-2.21,0.0,15,31890,buy
09:42:15,21.26,-2.21,0.03,5,10630,buy
09:42:12,21.23,-2.35,-0.03,26,55198,sell
09:42:06,21.26,-2.21,0.0,3,6378,sell
09:41:54,21.26,-2.21,-0.02,26,55276,sell
09:41:45,21.28,-2.12,0.0,6,12768,sell
09:41:42,21.28,-2.12,0.0,26,55328,sell
09:41:39,21.28,-2.12,0.0,26,55328,sell
09:41:36,21.28,-2.12,0.04,8,17024,buy
09:41:33,21.24,-2.30,-0.04,11,23364,sell
09:41:30,21.28,-2.12,-0.01,179,380912,sell
09:41:27,21.29,-2.07,0.01,26,55354,norm
09:41:18,21.28,-2.12,0.0,22,46816,sell
09:41:15,21.28,-2.12,0.0,5,10640,sell
09:41:12,21.28,-2.12,-0.02,33,70224,sell
09:41:09,21.3,-2.02,0.02,11,23430,buy
09:41:06,21.28,-2.12,-0.01,12,25536,sell
09:41:03,21.29,-2.07,0.01,19,40451,buy
09:41:00,21.28,-2.12,0.0,124,263872,sell
09:40:51,21.28,-2.12,0.0,20,42560,sell
09:40:48,21.28,-2.12,0.0,26,55328,sell
09:40:45,21.28,-2.12,0.0,1,2128,sell
09:40:42,21.28,-2.12,0.03,293,623504,buy
09:40:39,21.25,-2.25,-0.01,12,25500,sell
09:40:36,21.26,-2.21,0.03,11,23386,buy
09:40:30,21.23,-2.35,0.0,10,21230,sell
09:40:27,21.23,-2.35,0.0,57,121011,buy
09:40:21,21.23,-2.35,0.0,112,237776,buy
09:40:18,21.23,-2.35,0.0,2,4246,sell
09:40:09,21.23,-2.35,0.0,5,10615,sell
09:40:03,21.23,-2.35,-0.04,37,78551,sell
09:39:57,21.27,-2.16,0.0,1,2127,sell
09:39:54,21.27,-2.16,-0.01,26,55302,sell
09:39:48,21.28,-2.12,0.0,16,34048,sell
09:39:42,21.28,-2.12,0.0,26,55328,sell
09:39:39,21.28,-2.12,-0.01,20,42560,sell
09:39:36,21.29,-2.07,0.0,4,8516,buy
09:39:27,21.29,-2.07,0.0,2,4258,sell
09:39:18,21.29,-2.07,0.0,7,14903,buy
09:39:15,21.29,-2.07,0.0,18,38322,buy
09:39:09,21.29,-2.07,-0.09,33,70257,sell
09:38:54,21.38,-1.66,0.08,5,10690,buy
09:38:51,21.3,-2.02,0.03,29,61770,norm
09:38:42,21.27,-2.16,-0.02,26,55302,sell
09:38:36,21.29,-2.07,-0.09,9,19161,norm
09:38:30,21.38,-1.66,0.0,2,4276,buy
09:38:27,21.38,-1.66,-0.01,18,38484,norm
09:38:18,21.39,-1.61,0.01,6,12834,buy
09:38:15,21.38,-1.66,-0.01,10,21380,buy
09:38:09,21.39,-1.61,0.11,6,12834,buy
09:38:06,21.28,-2.12,-0.11,82,174496,sell
09:38:00,21.39,-1.61,0.0,10,21390,buy
09:37:57,21.39,-1.61,0.0,1,2139,norm
09:37:48,21.39,-1.61,0.0,8,17112,sell
09:37:45,21.39,-1.61,0.01,11,23529,norm
09:37:42,21.38,-1.66,0.0,26,55588,sell
09:37:33,21.38,-1.66,0.0,26,55588,sell
09:37:27,21.38,-1.66,-0.02,1,2138,sell
09:37:21,21.4,-1.56,0.0,17,36380,sell
09:37:18,21.4,-1.56,0.02,4,8560,buy
09:37:15,21.38,-1.66,-0.02,10,21380,sell
09:37:03,21.4,-1.56,0.02,5,10700,norm
09:36:57,21.38,-1.66,0.03,10,21380,norm
09:36:45,21.35,-1.79,0.09,1,2135,sell
09:36:42,21.26,-2.21,-0.12,26,55276,sell
09:36:39,21.38,-1.66,0.03,5,10690,buy
09:36:36,21.35,-1.79,-0.03,1,2135,sell
09:36:33,21.38,-1.66,0.03,2,4276,buy
09:36:30,21.35,-1.79,-0.03,22,46970,sell
09:36:24,21.38,-1.66,0.0,27,57726,buy
09:36:18,21.38,-1.66,0.0,4,8552,buy
09:36:15,21.38,-1.66,0.0,11,23518,buy
09:36:03,21.38,-1.66,0.0,4,8552,buy
09:35:54,21.38,-1.66,-0.03,7,14966,sell
09:35:51,21.41,-1.52,0.0,2,4282,buy
09:35:45,21.41,-1.52,0.0,9,19269,buy
09:35:42,21.41,-1.52,0.0,35,74935,buy
09:35:27,21.41,-1.52,0.0,12,25692,buy
09:35:21,21.41,-1.52,0.01,23,49243,buy
09:35:12,21.4,-1.56,0.05,2,4280,buy
09:35:09,21.35,-1.79,-0.05,9,19215,sell
09:35:00,21.4,-1.56,0.05,14,29960,buy
09:34:54,21.35,-1.79,0.01,12,25620,norm
09:34:42,21.34,-1.84,-0.03,26,55484,sell
09:34:30,21.37,-1.70,0.02,1,2137,norm
09:34:21,21.35,-1.79,0.01,22,46970,norm
09:34:12,21.34,-1.84,-0.01,14,29876,sell
09:34:09,21.35,-1.79,0.01,2,4782,buy
09:34:06,21.34,-1.84,0.0,53,113102,norm
09:34:06,21.34,-1.84,-0.01,53,113102,sell
09:34:03,21.35,-1.79,0.01,1,2135,buy
09:33:57,21.34,-1.84,-0.01,2,4268,buy
09:33:54,21.35,-1.79,0.0,83,178806,buy
09:33:48,21.35,-1.79,0.01,4,8540,buy
09:33:42,21.34,-1.84,0.0,27,58152,buy
09:33:30,21.34,-1.84,-0.01,2,4268,norm
09:33:27,21.35,-1.79,0.1,31,66185,buy
09:33:24,21.25,-2.25,0.05,2,4250,norm
09:33:12,21.2,-2.48,0.0,82,173840,buy
09:33:09,21.2,-2.48,-0.15,31,65720,sell
09:33:00,21.35,-1.79,0.0,1,2135,sell
09:32:57,21.35,-1.79,0.0,78,166530,buy
09:32:51,21.35,-1.79,0.12,54,115290,buy
09:32:48,21.23,-2.35,-0.02,18,38214,sell
09:32:45,21.25,-2.25,0.01,5,10625,norm
09:32:42,21.24,-2.30,-0.11,26,55224,sell
09:32:39,21.35,-1.79,0.11,10,21350,buy
09:32:36,21.24,-2.30,0.03,11,23364,norm
09:32:30,21.21,-2.44,-0.02,3,6363,sell
09:32:24,21.23,-2.35,0.03,7,14861,buy
09:32:21,21.2,-2.48,0.05,110,233200,buy
09:32:18,21.15,-2.71,0.0,7,14805,buy
09:32:15,21.15,-2.71,-0.02,5,10575,buy
09:32:12,21.17,-2.62,0.0,34,71978,sell
09:32:09,21.17,-2.62,0.0,10,21170,sell
09:32:06,21.17,-2.62,-0.03,6,12702,sell
09:32:03,21.2,-2.48,0.03,31,65720,buy
09:32:00,21.17,-2.62,0.0,6,12702,sell
09:31:57,21.17,-2.62,-0.01,15,31755,sell
09:31:54,21.18,-2.58,0.11,18,38124,buy
09:31:51,21.07,-3.08,-0.01,9,18963,sell
09:31:48,21.08,-3.04,0.0,3,6324,sell
09:31:45,21.08,-3.04,0.01,5,10540,sell
09:31:42,21.07,-3.08,0.0,1,2107,buy
09:31:39,21.07,-3.08,0.0,3,6321,buy
09:31:33,21.07,-3.08,-0.13,20,42140,sell
09:31:30,21.2,-2.48,0.13,35,74200,norm
09:31:27,21.07,-3.08,-0.15,9,18963,sell
09:31:21,21.22,-2.39,-0.09,12,25464,norm
09:31:15,21.31,-1.98,0.0,60,127860,buy
09:31:12,21.31,-1.98,0.0,20,42620,buy
09:31:09,21.31,-1.98,0.08,5,10655,buy
09:31:06,21.23,-2.35,-0.08,2,4246,sell
09:31:00,21.31,-1.98,0.0,2,4262,buy
09:30:57,21.31,-1.98,0.0,12,25572,sell
09:30:54,21.31,-1.98,-0.04,13,27703,sell
09:30:51,21.35,-1.79,0.04,3,6405,buy
09:30:48,21.31,-1.98,0.01,1,2131,sell
09:30:45,21.3,-2.02,0.1,8,17040,buy
09:30:42,21.2,-2.48,0.0,7,14840,buy
09:30:39,21.2,-2.48,0.0,64,135680,buy
09:30:36,21.2,-2.48,-0.15,2,4240,sell
09:30:21,21.35,-1.79,-0.06,6,12810,sell
09:30:06,21.41,-1.52,0.0,6,12846,buy
09:30:03,21.41,-1.52,-0.27,88,188408,sell
09:30:00,21.68,-0.28,0.0,0,0,buy
09:25:03,21.68,-0.28,0.0,32,69376,0
